{
    "pagination": {
        "count": 51,
        "limit": 50,
        "page": 2,
        "pages": 2,
        "first": "http://site.api.espn.com:80/apis/common/v3/sports/football/nfl/statistics/byathlete?category=offense%3Apassing&contentorigin=espn&isqualified=false&lang=en&region=us&season=2024&seasontype=2&sort=passing.passingYards%3Adesc&limit=50",
        "prev": "http://site.api.espn.com:80/apis/common/v3/sports/football/nfl/statistics/byathlete?category=offense%3Apassing&contentorigin=espn&isqualified=false&lang=en&region=us&season=2024&seasontype=2&sort=passing.passingYards%3Adesc&limit=50&page=1",
        "last": "http://site.api.espn.com:80/apis/common/v3/sports/football/nfl/statistics/byathlete?category=offense%3Apassing&contentorigin=espn&isqualified=false&lang=en&region=us&season=2024&seasontype=2&sort=passing.passingYards%3Adesc&limit=50&page=2"
    },
    "league": {
        "id": "28",
        "uid": "s:20~l:28",
        "name": "National Football League",
        "abbreviation": "NFL",
        "slug": "nfl",
        "shortName": "NFL"
    },
    "athletes": [
        {
            "athlete": {
                "id": "4595348",
                "uid": "s:20~l:28~a:4595348",
                "guid": "44a2174b-1d11-3acf-8e75-fe0c13db47a6",
                "type": "football",
                "firstName": "Malik",
                "lastName": "Nabers",
                "displayName": "Malik Nabers",
                "shortName": "M. Nabers",
                "links": [
                    {
                        "language": "en-US",
                        "rel": [
                            "playercard",
                            "desktop",
                            "athlete"
                        ],
                        "href": "https://www.espn.com/nfl/player/_/id/4595348/malik-nabers",
                        "text": "Player Card",
                        "shortText": "Player Card",
                        "isExternal": false,
                        "isPremium": false
                    },
                    {
                        "language": "en-US",
                        "rel": [
                            "stats",
                            "desktop",
                            "athlete"
                        ],
                        "href": "https://www.espn.com/nfl/player/stats/_/id/4595348/malik-nabers",
                        "text": "Stats",
                        "shortText": "Stats",
                        "isExternal": false,
                        "isPremium": false
                    },
                    {
                        "language": "en-US",
                        "rel": [
                            "splits",
                            "desktop",
                            "athlete"
                        ],
                        "href": "https://www.espn.com/nfl/player/splits/_/id/4595348/malik-nabers",
                        "text": "Splits",
                        "shortText": "Splits",
                        "isExternal": false,
                        "isPremium": false
                    },
                    {
                        "language": "en-US",
                        "rel": [
                            "gamelog",
                            "desktop",
                            "athlete"
                        ],
                        "href": "https://www.espn.com/nfl/player/gamelog/_/id/4595348/malik-nabers",
                        "text": "Game Log",
                        "shortText": "Game Log",
                        "isExternal": false,
                        "isPremium": false
                    },
                    {
                        "language": "en-US",
                        "rel": [
                            "news",
                            "desktop",
                            "athlete"
                        ],
                        "href": "https://www.espn.com/nfl/player/news/_/id/4595348/malik-nabers",
                        "text": "News",
                        "shortText": "News",
                        "isExternal": false,
                        "isPremium": false
                    },
                    {
                        "language": "en-US",
                        "rel": [
                            "bio",
                            "desktop",
                            "athlete"
                        ],
                        "href": "https://www.espn.com/nfl/player/bio/_/id/4595348/malik-nabers",
                        "text": "Bio",
                        "shortText": "Bio",
                        "isExternal": false,
                        "isPremium": false
                    },
                    {
                        "language": "en-US",
                        "rel": [
                            "overview",
                            "desktop",
                            "athlete"
                        ],
                        "href": "https://www.espn.com/nfl/player/_/id/4595348/malik-nabers",
                        "text": "Overview",
                        "shortText": "Overview",
                        "isExternal": false,
                        "isPremium": false
                    }
                ],
                "headshot": {
                    "href": "https://a.espncdn.com/i/headshots/nfl/players/full/4595348.png",
                    "alt": "Malik Nabers"
                },
                "position": {
                    "id": "1",
                    "name": "Wide Receiver",
                    "displayName": "Wide Receiver",
                    "abbreviation": "WR",
                    "leaf": true,
                    "parent": {
                        "leaf": false
                    },
                    "slug": "wide-receiver"
                },
                "status": {
                    "id": "1",
                    "name": "Active",
                    "type": "active",
                    "abbreviation": "Active"
                },
                "age": 21,
                "teamName": "Giants",
                "teamShortName": "NYG",
                "teams": [
                    {
                        "name": "Giants",
                        "abbreviation": "NYG"
                    }
                ],
                "slug": "malik-nabers",
                "teamId": "19",
                "teamUId": "s:20~l:28~t:19",
                "teamLogos": [
                    {
                        "href": "https://a.espncdn.com/i/teamlogos/nfl/500/nyg.png",
                        "width": 500,
                        "height": 500,
                        "rel": [
                            "full",
                            "default"
                        ]
                    },
                    {
                        "href": "https://a.espncdn.com/i/teamlogos/nfl/500-dark/nyg.png",
                        "width": 500,
                        "height": 500,
                        "rel": [
                            "full",
                            "dark"
                        ]
                    },
                    {
                        "href": "https://a.espncdn.com/i/teamlogos/nfl/500/scoreboard/nyg.png",
                        "width": 500,
                        "height": 500,
                        "rel": [
                            "full",
                            "scoreboard"
                        ]
                    },
                    {
                        "href": "https://a.espncdn.com/i/teamlogos/nfl/500-dark/scoreboard/nyg.png",
                        "width": 500,
                        "height": 500,
                        "rel": [
                            "full",
                            "scoreboard",
                            "dark"
                        ]
                    }
                ]
            },
            "categories": [
                {
                    "name": "general",
                    "displayName": "Own General",
                    "totals": [
                        "3",
                        "-",
                        "-",
                        "0"
                    ],
                    "values": [
                        3.0,
                        null,
                        null,
                        0.0
                    ],
                    "ranks": [
                        "1",
                        "-",
                        "-",
                        "-"
                    ]
                },
                {
                    "name": "passing",
                    "displayName": "Own Passing",
                    "totals": [
                        "0",
                        "1",
                        "0.0",
                        "0",
                        "0.0",
                        "0.0",
                        "0",
                        "0",
                        "0",
                        "0",
                        "0",
                        "2.5",
                        "39.6",
                        "3.0"
                    ],
                    "values": [
                        0.0,
                        1.0,
                        0.0,
                        0.0,
                        0.0,
                        0.0,
                        0.0,
                        0.0,
                        0.0,
                        0.0,
                        0.0,
                        2.53,
                        39.58300018310547,
                        3.04
                    ],
                    "ranks": [
                        "47",
                        "44",
                        "47",
                        "47",
                        "47",
                        "47",
                        "47",
                        "35",
                        "1",
                        "44",
                        "1",
                        "-",
                        "47",
                        "-"
                    ]
                },
                {
                    "name": "rushing",
                    "displayName": "Own Rushing",
                    "totals": [
                        "2",
                        "4",
                        "2.0",
                        "2",
                        "0",
                        "0",
                        "1.3",
                        "0",
                        "0",
                        "1"
                    ],
                    "values": [
                        2.0,
                        4.0,
                        2.0,
                        2.0,
                        0.0,
                        0.0,
                        1.3333333730697632,
                        0.0,
                        0.0,
                        1.0
                    ],
                    "ranks": [
                        "36",
                        "37",
                        "37",
                        "38",
                        "12",
                        "16",
                        "37",
                        "13",
                        "3",
                        "28"
                    ]
                },
                {
                    "name": "receiving",
                    "displayName": "Own Receiving",
                    "totals": [
                        "23",
                        "37",
                        "271",
                        "11.8",
                        "3",
                        "28",
                        "6",
                        "90.3",
                        "0",
                        "0",
                        "127",
                        "14"
                    ],
                    "values": [
                        23.0,
                        37.0,
                        271.0,
                        11.782999992370605,
                        3.0,
                        28.0,
                        6.0,
                        90.33333587646484,
                        0.0,
                        0.0,
                        127.0,
                        14.0
                    ],
                    "ranks": [
                        "1",
                        "1",
                        "1",
                        "3",
                        "1",
                        "2",
                        "1",
                        "1",
                        "1",
                        "1",
                        "1",
                        "1"
                    ]
                },
                {
                    "name": "defensive",
                    "displayName": "Own Defense",
                    "totals": [
                        "-",
                        "-",
                        "-",
                        "-",
                        "-",
                        "-",
                        "-",
                        "-"
                    ],
                    "values": [
                        null,
                        null,
                        null,
                        null,
                        null,
                        null,
                        null,
                        null
                    ],
                    "ranks": [
                        "-",
                        "-",
                        "-",
                        "-",
                        "-",
                        "-",
                        "-",
                        "-"
                    ]
                },
                {
                    "name": "defensiveinterceptions",
                    "displayName": "Own Defensive Interceptions",
                    "totals": [
                        "-",
                        "-",
                        "-"
                    ],
                    "values": [
                        null,
                        null,
                        null
                    ],
                    "ranks": [
                        "-",
                        "-",
                        "-"
                    ]
                },
                {
                    "name": "scoring",
                    "displayName": "Own Scoring",
                    "totals": [
                        "-",
                        "-",
                        "-",
                        "-",
                        "-",
                        "-",
                        "-",
                        "-",
                        "-"
                    ],
                    "values": [
                        null,
                        null,
                        null,
                        null,
                        null,
                        null,
                        null,
                        null,
                        null
                    ],
                    "ranks": [
                        "-",
                        "-",
                        "-",
                        "-",
                        "-",
                        "-",
                        "-",
                        "-",
                        "-"
                    ]
                },
                {
                    "name": "returning",
                    "displayName": "Own Returning",
                    "totals": [
                        "-",
                        "-",
                        "-",
                        "-",
                        "-",
                        "-",
                        "-",
                        "-",
                        "-",
                        "-",
                        "-"
                    ],
                    "values": [
                        null,
                        null,
                        null,
                        null,
                        null,
                        null,
                        null,
                        null,
                        null,
                        null,
                        null
                    ],
                    "ranks": [
                        "-",
                        "-",
                        "-",
                        "-",
                        "-",
                        "-",
                        "-",
                        "-",
                        "-",
                        "-",
                        "-"
                    ]
                },
                {
                    "name": "kicking",
                    "displayName": "Own Kicking",
                    "totals": [
                        "-",
                        "-",
                        "-",
                        "-",
                        "-",
                        "-",
                        "-",
                        "-",
                        "-",
                        "-",
                        "-",
                        "-",
                        "-",
                        "-",
                        "-",
                        "-",
                        "-"
                    ],
                    "values": [
                        null,
                        null,
                        null,
                        null,
                        null,
                        null,
                        null,
                        null,
                        null,
                        null,
                        null,
                        null,
                        null,
                        null,
                        null,
                        null,
                        null
                    ],
                    "ranks": [
                        "-",
                        "-",
                        "-",
                        "-",
                        "-",
                        "-",
                        "-",
                        "-",
                        "-",
                        "-",
                        "-",
                        "-",
                        "-",
                        "-",
                        "-",
                        "-",
                        "-"
                    ]
                },
                {
                    "name": "punting",
                    "displayName": "Own Punting",
                    "totals": [
                        "-",
                        "-",
                        "-",
                        "-",
                        "-",
                        "-",
                        "-",
                        "-",
                        "-",
                        "-",
                        "-",
                        "-"
                    ],
                    "values": [
                        null,
                        null,
                        null,
                        null,
                        null,
                        null,
                        null,
                        null,
                        null,
                        null,
                        null,
                        null
                    ],
                    "ranks": [
                        "-",
                        "-",
                        "-",
                        "-",
                        "-",
                        "-",
                        "-",
                        "-",
                        "-",
                        "-",
                        "-",
                        "-"
                    ]
                }
            ]
        }
    ],
    "currentSeason": {
        "year": 2024,
        "displayName": "2024",
        "startDate": "2024-08-01T07:00:00.000+00:00",
        "endDate": "2025-02-15T07:59:00.000+00:00",
        "type": {
            "id": "2",
            "type": 2,
            "name": "Regular Season",
            "startDate": "2024-09-05T07:00:00.000+00:00",
            "endDate": "2025-01-09T07:59:00.000+00:00",
            "week": {
                "number": 3,
                "startDate": "2024-09-18T07:00:00.000+00:00",
                "endDate": "2024-09-25T06:59:00.000+00:00",
                "text": "Week 3"
            }
        }
    },
    "requestedSeason": {
        "year": 2024,
        "displayName": "2024",
        "startDate": "2024-08-01T07:00:00.000+00:00",
        "endDate": "2025-02-15T07:59:00.000+00:00",
        "type": {
            "id": "2",
            "type": 2,
            "name": "Regular Season",
            "startDate": "2024-09-05T07:00:00.000+00:00",
            "endDate": "2025-01-09T07:59:00.000+00:00",
            "week": {
                "number": 3,
                "startDate": "2024-09-18T07:00:00.000+00:00",
                "endDate": "2024-09-25T06:59:00.000+00:00",
                "text": "Week 3"
            }
        }
    },
    "glossary": [
        {
            "abbreviation": "2PT",
            "displayName": "Total Two Point Conversions"
        },
        {
            "abbreviation": "50+",
            "displayName": "Field Goals Made 50+"
        },
        {
            "abbreviation": "AST",
            "displayName": "Assist Tackles"
        },
        {
            "abbreviation": "ATT",
            "displayName": "Passing Attempts"
        },
        {
            "abbreviation": "AVG",
            "displayName": "Yards Per Pass Attempt"
        },
        {
            "abbreviation": "BIG",
            "displayName": "20+ Yard Rushing Plays"
        },
        {
            "abbreviation": "CAR",
            "displayName": "Rushing Attempts"
        },
        {
            "abbreviation": "CMP",
            "displayName": "Completions"
        },
        {
            "abbreviation": "CMP%",
            "displayName": "Completion Percentage"
        },
        {
            "abbreviation": "FC",
            "displayName": "Punt Return Fair Catches"
        },
        {
            "abbreviation": "FD",
            "displayName": "Rushing 1st downs"
        },
        {
            "abbreviation": "FF",
            "displayName": "Forced Fumbles"
        },
        {
            "abbreviation": "FG",
            "displayName": "Field Goals"
        },
        {
            "abbreviation": "FG%",
            "displayName": "Field Goal Percentage"
        },
        {
            "abbreviation": "FGA",
            "displayName": "Field Goal Attempts"
        },
        {
            "abbreviation": "FGA 1-19",
            "displayName": "Field Goal Attempts 1-19"
        },
        {
            "abbreviation": "FGA 20-29",
            "displayName": "Field Goal Attempts 20-29"
        },
        {
            "abbreviation": "FGA 30-39",
            "displayName": "Field Goal Attempts 30-39"
        },
        {
            "abbreviation": "FGA 40-49",
            "displayName": "Field Goal Attempts 40-49"
        },
        {
            "abbreviation": "FGA 50+",
            "displayName": "Field Goal Attempts 50+"
        },
        {
            "abbreviation": "FGM",
            "displayName": "Field Goal Made"
        },
        {
            "abbreviation": "FGM 1-19",
            "displayName": "Field Goals Made 1-19"
        },
        {
            "abbreviation": "FGM 20-29",
            "displayName": "Field Goals Made 20-29"
        },
        {
            "abbreviation": "FGM 30-39",
            "displayName": "Field Goals Made 30-39"
        },
        {
            "abbreviation": "FGM 40-49",
            "displayName": "Field Goals Made 40-49"
        },
        {
            "abbreviation": "FR",
            "displayName": "Fumbles Recovered"
        },
        {
            "abbreviation": "FTD",
            "displayName": "Fumbles Touchdowns"
        },
        {
            "abbreviation": "FUM",
            "displayName": "Rushing Fumbles"
        },
        {
            "abbreviation": "GP",
            "displayName": "Games Played"
        },
        {
            "abbreviation": "IN20",
            "displayName": "Punts Inside 20"
        },
        {
            "abbreviation": "INT",
            "displayName": "Interceptions"
        },
        {
            "abbreviation": "LNG",
            "displayName": "Longest Pass"
        },
        {
            "abbreviation": "LST",
            "displayName": "Rushing Fumbles Lost"
        },
        {
            "abbreviation": "NET",
            "displayName": "Net Average Punt Yards"
        },
        {
            "abbreviation": "PAT",
            "displayName": "Kick Extra Points"
        },
        {
            "abbreviation": "PBLK",
            "displayName": "Punts Blocked"
        },
        {
            "abbreviation": "PD",
            "displayName": "Passes Defended"
        },
        {
            "abbreviation": "PTS",
            "displayName": "Total Points"
        },
        {
            "abbreviation": "PUNTS",
            "displayName": "Punts"
        },
        {
            "abbreviation": "QBR",
            "displayName": "Total QBR"
        },
        {
            "abbreviation": "REC",
            "displayName": "Receptions"
        },
        {
            "abbreviation": "RET",
            "displayName": "Return Touchdowns"
        },
        {
            "abbreviation": "RTG",
            "displayName": "Passer Rating"
        },
        {
            "abbreviation": "RUSH",
            "displayName": "Rushing Touchdowns"
        },
        {
            "abbreviation": "SACK",
            "displayName": "Total Sacks"
        },
        {
            "abbreviation": "SCKYDS",
            "displayName": "Sack Yards"
        },
        {
            "abbreviation": "SOLO",
            "displayName": "Solo Tackles"
        },
        {
            "abbreviation": "SYL",
            "displayName": "Sack Yards Lost"
        },
        {
            "abbreviation": "TB",
            "displayName": "Touchbacks"
        },
        {
            "abbreviation": "TD",
            "displayName": "Passing Touchdowns"
        },
        {
            "abbreviation": "TFL",
            "displayName": "Tackles For Loss"
        },
        {
            "abbreviation": "TGTS",
            "displayName": "Receiving Targets"
        },
        {
            "abbreviation": "TOT",
            "displayName": "Total Tackles"
        },
        {
            "abbreviation": "TP/G",
            "displayName": "Total Points Per Game"
        },
        {
            "abbreviation": "XP%",
            "displayName": "Extra Point Percentage"
        },
        {
            "abbreviation": "XPA",
            "displayName": "Extra Point Attempts"
        },
        {
            "abbreviation": "XPM",
            "displayName": "Extra Points Made"
        },
        {
            "abbreviation": "YAC",
            "displayName": "Receiving Yards After Catch"
        },
        {
            "abbreviation": "YDS",
            "displayName": "Passing Yards"
        },
        {
            "abbreviation": "YDS/G",
            "displayName": "Passing Yards Per Game"
        }
    ],
    "categories": [
        {
            "name": "general",
            "displayName": "Own General",
            "labels": [
                "GP",
                "FF",
                "FR",
                "FTD"
            ],
            "names": [
                "gamesPlayed",
                "fumblesForced",
                "fumblesRecovered",
                "fumblesTouchdowns"
            ],
            "displayNames": [
                "Games Played",
                "Forced Fumbles",
                "Fumbles Recovered",
                "Fumbles Touchdowns"
            ],
            "descriptions": [
                "Games Played",
                "The total number of forced fumbles.",
                "The number of fumbles recovered.",
                "The number of times a fumbles is recovered and returned for a touchdown."
            ]
        },
        {
            "name": "passing",
            "displayName": "Own Passing",
            "labels": [
                "CMP",
                "ATT",
                "CMP%",
                "YDS",
                "AVG",
                "YDS/G",
                "LNG",
                "TD",
                "INT",
                "SACK",
                "SYL",
                "QBR",
                "RTG",
                "QBR"
            ],
            "names": [
                "completions",
                "passingAttempts",
                "completionPct",
                "passingYards",
                "yardsPerPassAttempt",
                "passingYardsPerGame",
                "longPassing",
                "passingTouchdowns",
                "interceptions",
                "sacks",
                "sackYardsLost",
                "QBR",
                "QBRating",
                "adjQBR"
            ],
            "displayNames": [
                "Completions",
                "Passing Attempts",
                "Completion Percentage",
                "Passing Yards",
                "Yards Per Pass Attempt",
                "Passing Yards Per Game",
                "Longest Pass",
                "Passing Touchdowns",
                "Interceptions",
                "Total Sacks",
                "Sack Yards Lost",
                "Total QBR",
                "Passer Rating",
                "Adjusted QBR"
            ],
            "descriptions": [
                "The times a player completes a pass to another player who is eligible to catch a pass.",
                "The number of times a pass is attempted.",
                "The percentage of completed passes.",
                "The total passing yards.",
                "The average number yards per pass attempt.",
                "The number of passing yards per game.",
                "The longest pass play completed in terms of yards.",
                "The total number of passing touchdowns.",
                "The number of passes thrown that were intercepted by the opposing team.",
                "The total number of sacks.",
                "The amount of yards lost due to sacks.",
                "Total Quarterback Rating, which values quarterback on all play types on a 0-to-100 scale.",
                "Passer Rating",
                "Adjusted Quarterback Rating."
            ]
        },
        {
            "name": "rushing",
            "displayName": "Own Rushing",
            "labels": [
                "CAR",
                "YDS",
                "AVG",
                "LNG",
                "BIG",
                "TD",
                "YDS/G",
                "FUM",
                "LST",
                "FD"
            ],
            "names": [
                "rushingAttempts",
                "rushingYards",
                "yardsPerRushAttempt",
                "longRushing",
                "rushingBigPlays",
                "rushingTouchdowns",
                "rushingYardsPerGame",
                "rushingFumbles",
                "rushingFumblesLost",
                "rushingFirstDowns"
            ],
            "displayNames": [
                "Rushing Attempts",
                "Rushing Yards",
                "Yards Per Rush Attempt",
                "Long Rushing",
                "20+ Yard Rushing Plays",
                "Rushing Touchdowns",
                "Rushing Yards Per Game",
                "Rushing Fumbles",
                "Rushing Fumbles Lost",
                "Rushing 1st downs"
            ],
            "descriptions": [
                "The total number of attempted rushes.",
                "The total rushing yards.",
                "The average number of yards per rush attempt.",
                "The amount of yards for the longest run.",
                "The number of rushing big plays gained.",
                "The total number of rushing touchdowns.",
                "The average number of rushing yards per game.",
                "The number of times there is a run and then the ball is fumbled.",
                "The number of times there is a run and then the ball is fumbled.",
                "The number of times a first down is picked up by a run."
            ]
        },
        {
            "name": "receiving",
            "displayName": "Own Receiving",
            "labels": [
                "REC",
                "TGTS",
                "YDS",
                "AVG",
                "TD",
                "LNG",
                "BIG",
                "YDS/G",
                "FUM",
                "LST",
                "YAC",
                "FD"
            ],
            "names": [
                "receptions",
                "receivingTargets",
                "receivingYards",
                "yardsPerReception",
                "receivingTouchdowns",
                "longReception",
                "receivingBigPlays",
                "receivingYardsPerGame",
                "receivingFumbles",
                "receivingFumblesLost",
                "receivingYardsAfterCatch",
                "receivingFirstDowns"
            ],
            "displayNames": [
                "Receptions",
                "Receiving Targets",
                "Receiving Yards",
                "Yards Per Reception",
                "Receiving Touchdowns",
                "Long Reception",
                "20+ Yard Receiving Plays",
                "Receiving Yards Per Game",
                "Receiving Fumbles",
                "Receiving Fumbles Lost",
                "Receiving Yards After Catch",
                "Receiving First Downs"
            ],
            "descriptions": [
                "The total number of receptions.",
                "The number of times a receiver is thrown to.",
                "The total receiving yards.",
                "The average number of yards per reception.",
                "The total number of receiving touchdowns.",
                "The amount of yards for the longest reception.",
                "The number of receiving big plays gained.",
                "The average number of receiving yards per game.",
                "The number of times a reception is made and then the ball is fumbled.",
                "The number of times a reception is made and the balled is fumbled and recovered by the opposing team.",
                "The number of yards gained after the catch has been made.",
                "The number of times a first down is picked up by a reception."
            ]
        },
        {
            "name": "defensive",
            "displayName": "Own Defense",
            "labels": [
                "SOLO",
                "AST",
                "TOT",
                "SACK",
                "SCKYDS",
                "TFL",
                "PD",
                "LNG"
            ],
            "names": [
                "soloTackles",
                "assistTackles",
                "totalTackles",
                "sacks",
                "sackYards",
                "tacklesForLoss",
                "passesDefended",
                "longInterception"
            ],
            "displayNames": [
                "Solo Tackles",
                "Assist Tackles",
                "Total Tackles",
                "Sacks",
                "Sack Yards",
                "Tackles For Loss",
                "Passes Defended",
                "Long Interception"
            ],
            "descriptions": [
                "The number of times a tackle was made unassisted.",
                "The number of assists on tackles.",
                "The total number of tackles.",
                "The total number of sacks.",
                "The number of yards lost from sacks.",
                "The number of tackles that result in a loss of yardage.",
                "The total number of passes defended.",
                "The amount of yards of the longest interception return."
            ]
        },
        {
            "name": "defensiveinterceptions",
            "displayName": "Own Defensive Interceptions",
            "labels": [
                "INT",
                "YDS",
                "TD"
            ],
            "names": [
                "interceptions",
                "interceptionYards",
                "interceptionTouchdowns"
            ],
            "displayNames": [
                "Interceptions",
                "Interception Yards",
                "Interception Touchdowns"
            ],
            "descriptions": [
                "The total number of interceptions.",
                "The number of yards gained after an interception.",
                "The number of times an interception is returned for a touchdown."
            ]
        },
        {
            "name": "scoring",
            "displayName": "Own Scoring",
            "labels": [
                "RUSH",
                "REC",
                "RET",
                "TD",
                "FG",
                "PAT",
                "2PT",
                "PTS",
                "TP/G"
            ],
            "names": [
                "rushingTouchdowns",
                "receivingTouchdowns",
                "returnTouchdowns",
                "totalTouchdowns",
                "fieldGoals",
                "kickExtraPoints",
                "totalTwoPointConvs",
                "totalPoints",
                "totalPointsPerGame"
            ],
            "displayNames": [
                "Rushing Touchdowns",
                "Receiving Touchdowns",
                "Return Touchdowns",
                "Total Touchdowns",
                "Field Goals",
                "Kick Extra Points",
                "Total Two Point Conversions",
                "Total Points",
                "Total Points Per Game"
            ],
            "descriptions": [
                "The total number of rushing touchdowns.",
                "The total number of receiving touchdowns.",
                "The total number of return touchdowns.",
                "The number of touchdowns scored in total.",
                "The number of field goals made.",
                "The number of extra points made.",
                "The number of times a 2-point conversion is successful.",
                "The number of total points scored.",
                "The number of points scored per game."
            ]
        },
        {
            "name": "returning",
            "displayName": "Own Returning",
            "labels": [
                "ATT",
                "YDS",
                "AVG",
                "LNG",
                "TD",
                "ATT",
                "YDS",
                "AVG",
                "LNG",
                "TD",
                "FC"
            ],
            "names": [
                "kickReturns",
                "kickReturnYards",
                "yardsPerKickReturn",
                "longKickReturn",
                "kickReturnTouchdowns",
                "puntReturns",
                "puntReturnYards",
                "yardsPerPuntReturn",
                "longPuntReturn",
                "puntReturnTouchdowns",
                "puntReturnFairCatches"
            ],
            "displayNames": [
                "Kick Returns",
                "Kick Return Yards",
                "Yards Per Kick Return",
                "Long Kick Return",
                "Kick Return Touchdowns",
                "Punt Returns",
                "Punt Return Yards",
                "Yards Per Punt Return",
                "Long Punt Return",
                "Punt Return Touchdowns",
                "Punt Return Fair Catches"
            ],
            "descriptions": [
                "The number of kick returns.",
                "The total yardage of kick returns.",
                "The average number of yards per kick return.",
                "The longest kick return in yards.",
                "The number of kick return touchdowns.",
                "The number of punt returns.",
                "The total yardage of punt returns.",
                "The average number of yards per punt return.",
                "The longest punt return in yards.",
                "The number of punt return touchdowns.",
                "The number of punt return fair catches."
            ]
        },
        {
            "name": "kicking",
            "displayName": "Own Kicking",
            "labels": [
                "FGM",
                "FGA",
                "FG%",
                "LNG",
                "FGM 1-19",
                "FGM 20-29",
                "FGM 30-39",
                "FGM 40-49",
                "50+",
                "FGA 1-19",
                "FGA 20-29",
                "FGA 30-39",
                "FGA 40-49",
                "FGA 50+",
                "XPM",
                "XPA",
                "XP%"
            ],
            "names": [
                "fieldGoalsMade",
                "fieldGoalAttempts",
                "fieldGoalPct",
                "longFieldGoalMade",
                "fieldGoalsMade1_19",
                "fieldGoalsMade20_29",
                "fieldGoalsMade30_39",
                "fieldGoalsMade40_49",
                "fieldGoalsMade50",
                "fieldGoalAttempts1_19",
                "fieldGoalAttempts20_29",
                "fieldGoalAttempts30_39",
                "fieldGoalAttempts40_49",
                "fieldGoalAttempts50",
                "extraPointsMade",
                "extraPointAttempts",
                "extraPointPct"
            ],
            "displayNames": [
                "Field Goal Made",
                "Field Goal Attempts",
                "Field Goal Percentage",
                "Long Field Goal Made",
                "Field Goals Made 1-19",
                "Field Goals Made 20-29",
                "Field Goals Made 30-39",
                "Field Goals Made 40-49",
                "Field Goals Made 50+",
                "Field Goal Attempts 1-19",
                "Field Goal Attempts 20-29",
                "Field Goal Attempts 30-39",
                "Field Goal Attempts 40-49",
                "Field Goal Attempts 50+",
                "Extra Points Made",
                "Extra Point Attempts",
                "Extra Point Percentage"
            ],
            "descriptions": [
                "The number of times a field goal is made.",
                "The number of times a field goal is attempted.",
                "The percentage of field goals attempted that are made.",
                "The distance of the longest field goal made.",
                "The number of field goals made from 1-19 yards.",
                "The number of field goals made from 20-29 yards.",
                "The number of field goals made from 30-39 yards.",
                "The number of field goals made from 40-49 yards.",
                "The number of field goals made from 50+ yards.",
                "The number of field goals attempted from 1-19 yards.",
                "The number of field goals attempted from 20-29 yards.",
                "The number of field goals attempted from 30-39 yards.",
                "The number of field goals attempted from 40-49 yards.",
                "The number of field goals attempted from 50+ yards.",
                "The number of extra point attempts made.",
                "The number of extra point attempts.",
                "The percentage of extra point attempts that are converted."
            ]
        },
        {
            "name": "punting",
            "displayName": "Own Punting",
            "labels": [
                "PUNTS",
                "YDS",
                "LNG",
                "AVG",
                "NET",
                "PBLK",
                "IN20",
                "TB",
                "FC",
                "ATT",
                "YDS",
                "AVG"
            ],
            "names": [
                "punts",
                "puntYards",
                "longPunt",
                "grossAvgPuntYards",
                "netAvgPuntYards",
                "puntsBlocked",
                "puntsInside20",
                "touchbacks",
                "fairCatches",
                "puntReturns",
                "puntReturnYards",
                "avgPuntReturnYards"
            ],
            "displayNames": [
                "Punts",
                "Punt Yards",
                "Long Punt",
                "Gross Average Punt Yards",
                "Net Average Punt Yards",
                "Punts Blocked",
                "Punts Inside 20",
                "Touchbacks",
                "Fair Catches",
                "Punt Returns",
                "Punt Return Yards",
                "Average Punt Return Yards"
            ],
            "descriptions": [
                "The number of punts taken.",
                "The total amount of yardage of punts.",
                "The distance of the longest punt.",
                "The average gross number of yards per punt.",
                "The average net number of yards per punt.",
                "The number of times a punt was blocked.",
                "The number of times a punt is downed inside the 20.",
                "The number of kickoffs that result in touchbacks.",
                "The number of fair catches.",
                "The number of times a punt was returned.",
                "The total amount of yardage of punt returns.",
                "The average number of yards per punt return."
            ]
        }
    ]
}