{
    "season": "2024",
    "week": "0",
    "count": "32",
    "positions": "K",
    "scoring": "STD",
    "players": [
        {
            "fpid": 16910,
            "mflid": 13403,
            "name": "Younghoe Koo",
            "position_id": "K",
            "team_id": "ATL",
            "filename": "younghoe-koo.php",
            "stats": {
                "points": 146.93,
                "points_ppr": 146.93,
                "points_half": 146.93,
                "fga": 37.85,
                "fg": 33.05,
                "xpt": 47.78
            }
        },
        {
            "fpid": 11465,
            "mflid": 10976,
            "name": "Justin Tucker",
            "position_id": "K",
            "team_id": "BAL",
            "filename": "justin-tucker.php",
            "stats": {
                "points": 141.29,
                "points_ppr": 141.29,
                "points_half": 141.29,
                "fga": 35.49,
                "fg": 31.52,
                "xpt": 46.74
            }
        },
        {
            "fpid": 16712,
            "mflid": 13354,
            "name": "Harrison Butker",
            "position_id": "K",
            "team_id": "KC",
            "filename": "harrison-butker.php",
            "stats": {
                "points": 138.78,
                "points_ppr": 138.78,
                "points_half": 138.78,
                "fga": 34.45,
                "fg": 30.46,
                "xpt": 47.39
            }
        },
        {
            "fpid": 26068,
            "mflid": 16414,
            "name": "Brandon Aubrey",
            "position_id": "K",
            "team_id": "DAL",
            "filename": "brandon-aubrey.php",
            "stats": {
                "points": 138.55,
                "points_ppr": 138.55,
                "points_half": 138.55,
                "fga": 35.5,
                "fg": 31.93,
                "xpt": 42.75
            }
        },
        {
            "fpid": 16540,
            "mflid": 13303,
            "name": "Jake Elliott",
            "position_id": "K",
            "team_id": "PHI",
            "filename": "jake-elliott.php",
            "stats": {
                "points": 135.58,
                "points_ppr": 135.58,
                "points_half": 135.58,
                "fga": 32.83,
                "fg": 29.31,
                "xpt": 47.65
            }
        },
        {
            "fpid": 14003,
            "mflid": 12437,
            "name": "Jason Myers",
            "position_id": "K",
            "team_id": "SEA",
            "filename": "jason-myers.php",
            "stats": {
                "points": 133.52,
                "points_ppr": 133.52,
                "points_half": 133.52,
                "fga": 36.55,
                "fg": 31.54,
                "xpt": 38.91
            }
        },
        {
            "fpid": 15756,
            "mflid": 12860,
            "name": "Ka'imi Fairbairn",
            "position_id": "K",
            "team_id": "HOU",
            "filename": "kaimi-fairbairn.php",
            "stats": {
                "points": 131.88,
                "points_ppr": 131.88,
                "points_half": 131.88,
                "fga": 33.85,
                "fg": 29.91,
                "xpt": 42.15
            }
        },
        {
            "fpid": 23901,
            "mflid": 15979,
            "name": "Cameron Dicker",
            "position_id": "K",
            "team_id": "LAC",
            "filename": "cameron-dicker.php",
            "stats": {
                "points": 131.46,
                "points_ppr": 131.46,
                "points_half": 131.46,
                "fga": 33.21,
                "fg": 30,
                "xpt": 41.46
            }
        },
        {
            "fpid": 25533,
            "mflid": 16444,
            "name": "Blake Grupe",
            "position_id": "K",
            "team_id": "NO",
            "filename": "blake-grupe.php",
            "stats": {
                "points": 130.23,
                "points_ppr": 130.23,
                "points_half": 130.23,
                "fga": 34.91,
                "fg": 29.81,
                "xpt": 40.79
            }
        },
        {
            "fpid": 11345,
            "mflid": 10868,
            "name": "Greg Zuerlein",
            "position_id": "K",
            "team_id": "NYJ",
            "filename": "greg-zuerlein.php",
            "stats": {
                "points": 129.6,
                "points_ppr": 129.6,
                "points_half": 129.6,
                "fga": 34.82,
                "fg": 30.45,
                "xpt": 38.26
            }
        },
        {
            "fpid": 23297,
            "mflid": 15368,
            "name": "Evan McPherson",
            "position_id": "K",
            "team_id": "CIN",
            "filename": "evan-mcpherson.php",
            "stats": {
                "points": 128.67,
                "points_ppr": 128.67,
                "points_half": 128.67,
                "fga": 32.17,
                "fg": 27.75,
                "xpt": 45.41
            }
        },
        {
            "fpid": 19760,
            "mflid": 14983,
            "name": "Tyler Bass",
            "position_id": "K",
            "team_id": "BUF",
            "filename": "tyler-bass.php",
            "stats": {
                "points": 128.5,
                "points_ppr": 128.5,
                "points_half": 128.5,
                "fga": 33.84,
                "fg": 27.58,
                "xpt": 45.77
            }
        },
        {
            "fpid": 13731,
            "mflid": 11945,
            "name": "Cairo Santos",
            "position_id": "K",
            "team_id": "CHI",
            "filename": "cairo-santos.php",
            "stats": {
                "points": 128.04,
                "points_ppr": 128.04,
                "points_half": 128.04,
                "fga": 33.55,
                "fg": 29.96,
                "xpt": 38.16
            }
        },
        {
            "fpid": 24009,
            "mflid": 16286,
            "name": "Jake Moody",
            "position_id": "K",
            "team_id": "SF",
            "filename": "jake-moody.php",
            "stats": {
                "points": 127.93,
                "points_ppr": 127.93,
                "points_half": 127.93,
                "fga": 31.46,
                "fg": 26.72,
                "xpt": 47.77
            }
        },
        {
            "fpid": 18545,
            "mflid": 14244,
            "name": "Matt Gay",
            "position_id": "K",
            "team_id": "IND",
            "filename": "matt-gay.php",
            "stats": {
                "points": 127.6,
                "points_ppr": 127.6,
                "points_half": 127.6,
                "fga": 34.54,
                "fg": 29.46,
                "xpt": 39.23
            }
        },
        {
            "fpid": 26581,
            "mflid": 16873,
            "name": "Brayden Narveson",
            "position_id": "K",
            "team_id": "GB",
            "filename": "brayden-narveson.php",
            "stats": {
                "points": 126.45,
                "points_ppr": 126.45,
                "points_half": 126.45,
                "fga": 33.52,
                "fg": 28.16,
                "xpt": 41.98
            }
        },
        {
            "fpid": 17533,
            "mflid": 13832,
            "name": "Jason Sanders",
            "position_id": "K",
            "team_id": "MIA",
            "filename": "jason-sanders.php",
            "stats": {
                "points": 126.37,
                "points_ppr": 126.37,
                "points_half": 126.37,
                "fga": 32.19,
                "fg": 27.16,
                "xpt": 44.89
            }
        },
        {
            "fpid": 19058,
            "mflid": 14717,
            "name": "Chase McLaughlin",
            "position_id": "K",
            "team_id": "TB",
            "filename": "chase-mclaughlin.php",
            "stats": {
                "points": 122.83,
                "points_ppr": 122.83,
                "points_half": 122.83,
                "fga": 32.23,
                "fg": 28.17,
                "xpt": 38.32
            }
        },
        {
            "fpid": 9443,
            "mflid": 8930,
            "name": "Matt Prater",
            "position_id": "K",
            "team_id": "ARI",
            "filename": "matt-prater.php",
            "stats": {
                "points": 121.78,
                "points_ppr": 121.78,
                "points_half": 121.78,
                "fga": 33.58,
                "fg": 28.86,
                "xpt": 35.2
            }
        },
        {
            "fpid": 11818,
            "mflid": 11387,
            "name": "Dustin Hopkins",
            "position_id": "K",
            "team_id": "CLE",
            "filename": "dustin-hopkins.php",
            "stats": {
                "points": 121.62,
                "points_ppr": 121.62,
                "points_half": 121.62,
                "fga": 32.57,
                "fg": 28.28,
                "xpt": 36.79
            }
        },
        {
            "fpid": 26475,
            "mflid": 16680,
            "name": "Cam Little",
            "position_id": "K",
            "team_id": "JAC",
            "filename": "cam-little.php",
            "stats": {
                "points": 121.46,
                "points_ppr": 121.46,
                "points_half": 121.46,
                "fga": 33.9,
                "fg": 28.19,
                "xpt": 36.88
            }
        },
        {
            "fpid": 26075,
            "mflid": 16846,
            "name": "Jake Bates",
            "position_id": "K",
            "team_id": "DET",
            "filename": "jake-bates.php",
            "stats": {
                "points": 120.93,
                "points_ppr": 120.93,
                "points_half": 120.93,
                "fga": 30.48,
                "fg": 25.56,
                "xpt": 44.24
            }
        },
        {
            "fpid": 26478,
            "mflid": 16775,
            "name": "Joshua Karty",
            "position_id": "K",
            "team_id": "LAR",
            "filename": "joshua-karty.php",
            "stats": {
                "points": 120.55,
                "points_ppr": 120.55,
                "points_half": 120.55,
                "fga": 33.52,
                "fg": 27.49,
                "xpt": 38.09
            }
        },
        {
            "fpid": 13029,
            "mflid": 11936,
            "name": "Chris Boswell",
            "position_id": "K",
            "team_id": "PIT",
            "filename": "chris-boswell.php",
            "stats": {
                "points": 114.84,
                "points_ppr": 114.84,
                "points_half": 114.84,
                "fga": 31.6,
                "fg": 27.51,
                "xpt": 32.3
            }
        },
        {
            "fpid": 9491,
            "mflid": 8851,
            "name": "Nick Folk",
            "position_id": "K",
            "team_id": "TEN",
            "filename": "nick-folk.php",
            "stats": {
                "points": 114.4,
                "points_ppr": 114.4,
                "points_half": 114.4,
                "fga": 30.59,
                "fg": 27.4,
                "xpt": 32.21
            }
        },
        {
            "fpid": 16026,
            "mflid": 12956,
            "name": "Wil Lutz",
            "position_id": "K",
            "team_id": "DEN",
            "filename": "wil-lutz.php",
            "stats": {
                "points": 113.66,
                "points_ppr": 113.66,
                "points_half": 113.66,
                "fga": 32.28,
                "fg": 27.07,
                "xpt": 32.45
            }
        },
        {
            "fpid": 17420,
            "mflid": 13718,
            "name": "Daniel Carlson",
            "position_id": "K",
            "team_id": "LV",
            "filename": "daniel-carlson.php",
            "stats": {
                "points": 112.98,
                "points_ppr": 112.98,
                "points_half": 112.98,
                "fga": 30.61,
                "fg": 26.91,
                "xpt": 32.25
            }
        },
        {
            "fpid": 26341,
            "mflid": 16681,
            "name": "Will Reichard",
            "position_id": "K",
            "team_id": "MIN",
            "filename": "will-reichard.php",
            "stats": {
                "points": 108.27,
                "points_ppr": 108.27,
                "points_half": 108.27,
                "fga": 30.59,
                "fg": 25.55,
                "xpt": 31.62
            }
        },
        {
            "fpid": 17575,
            "mflid": 13719,
            "name": "Eddy Pineiro",
            "position_id": "K",
            "team_id": "CAR",
            "filename": "eddy-pineiro.php",
            "stats": {
                "points": 107.54,
                "points_ppr": 107.54,
                "points_half": 107.54,
                "fga": 30.58,
                "fg": 25.94,
                "xpt": 29.72
            }
        },
        {
            "fpid": 24549,
            "mflid": 15882,
            "name": "Cade York",
            "position_id": "K",
            "team_id": "WAS",
            "filename": "cade-york.php",
            "stats": {
                "points": 106.83,
                "points_ppr": 106.83,
                "points_half": 106.83,
                "fga": 30.28,
                "fg": 24.49,
                "xpt": 33.37
            }
        },
        {
            "fpid": 9232,
            "mflid": 9694,
            "name": "Graham Gano",
            "position_id": "K",
            "team_id": "NYG",
            "filename": "graham-gano.php",
            "stats": {
                "points": 104.52,
                "points_ppr": 104.52,
                "points_half": 104.52,
                "fga": 29.97,
                "fg": 24.97,
                "xpt": 29.62
            }
        },
        {
            "fpid": 19028,
            "mflid": 14600,
            "name": "Joey Slye",
            "position_id": "K",
            "team_id": "NE",
            "filename": "joey-slye.php",
            "stats": {
                "points": 96.65,
                "points_ppr": 96.65,
                "points_half": 96.65,
                "fga": 28.3,
                "fg": 23.27,
                "xpt": 26.84
            }
        }
    ]
}