{
    "season": "2024",
    "week": "0",
    "count": "86",
    "positions": "QB",
    "scoring": "STD",
    "players": [
        {
            "fpid": 17298,
            "mflid": 13589,
            "name": "Josh Allen",
            "position_id": "QB",
            "team_id": "BUF",
            "filename": "josh-allen-qb.php",
            "stats": {
                "points": 360.49,
                "points_ppr": 360.49,
                "points_half": 360.49,
                "pass_att": 564.93,
                "pass_cmp": 368.11,
                "pass_yds": 4062.37,
                "pass_tds": 27.72,
                "pass_ints": 13.98,
                "pass_yds_300": 0,
                "pass_yds_400": 0,
                "rush_att": 108.7,
                "rush_yds": 558.71,
                "rush_tds": 8.88,
                "rush_yds_100": 0,
                "rush_yds_200": 0,
                "scrimage_yards_100": 0,
                "scrimage_yards_200": 0,
                "fumbles": 4.03,
                "ret_tds": 0,
                "2pt_tds": 0
            }
        },
        {
            "fpid": 19275,
            "mflid": 14783,
            "name": "Jalen Hurts",
            "position_id": "QB",
            "team_id": "PHI",
            "filename": "jalen-hurts.php",
            "stats": {
                "points": 359.87,
                "points_ppr": 359.87,
                "points_half": 359.87,
                "pass_att": 520.23,
                "pass_cmp": 339.36,
                "pass_yds": 3810.59,
                "pass_tds": 24.44,
                "pass_ints": 12.1,
                "pass_yds_300": 0,
                "pass_yds_400": 0,
                "rush_att": 144.12,
                "rush_yds": 619.81,
                "rush_tds": 11.23,
                "rush_yds_100": 0,
                "rush_yds_200": 0,
                "scrimage_yards_100": 0,
                "scrimage_yards_200": 0,
                "fumbles": 3.78,
                "ret_tds": 0,
                "2pt_tds": 0
            }
        },
        {
            "fpid": 17233,
            "mflid": 13593,
            "name": "Lamar Jackson",
            "position_id": "QB",
            "team_id": "BAL",
            "filename": "lamar-jackson.php",
            "stats": {
                "points": 339.21,
                "points_ppr": 339.21,
                "points_half": 339.21,
                "pass_att": 463.71,
                "pass_cmp": 303.54,
                "pass_yds": 3567.9,
                "pass_tds": 25,
                "pass_ints": 10.58,
                "pass_yds_300": 0,
                "pass_yds_400": 0,
                "rush_att": 146.02,
                "rush_yds": 835.96,
                "rush_tds": 5.38,
                "rush_yds_100": 0,
                "rush_yds_200": 0,
                "scrimage_yards_100": 0,
                "scrimage_yards_200": 0,
                "fumbles": 4.42,
                "ret_tds": 0,
                "2pt_tds": 0
            }
        },
        {
            "fpid": 16413,
            "mflid": 13116,
            "name": "Patrick Mahomes II",
            "position_id": "QB",
            "team_id": "KC",
            "filename": "patrick-mahomes.php",
            "stats": {
                "points": 337.69,
                "points_ppr": 337.69,
                "points_half": 337.69,
                "pass_att": 588.1,
                "pass_cmp": 394.66,
                "pass_yds": 4391.7,
                "pass_tds": 32.72,
                "pass_ints": 11.23,
                "pass_yds_300": 0,
                "pass_yds_400": 0,
                "rush_att": 72.04,
                "rush_yds": 376.47,
                "rush_tds": 1.83,
                "rush_yds_100": 0,
                "rush_yds_200": 0,
                "scrimage_yards_100": 0,
                "scrimage_yards_200": 0,
                "fumbles": 3.12,
                "ret_tds": 0,
                "2pt_tds": 0
            }
        },
        {
            "fpid": 24347,
            "mflid": 16152,
            "name": "Anthony Richardson",
            "position_id": "QB",
            "team_id": "IND",
            "filename": "anthony-richardson.php",
            "stats": {
                "points": 310.96,
                "points_ppr": 310.96,
                "points_half": 310.96,
                "pass_att": 512.2,
                "pass_cmp": 325.86,
                "pass_yds": 3506.33,
                "pass_tds": 19.99,
                "pass_ints": 11.45,
                "pass_yds_300": 0,
                "pass_yds_400": 0,
                "rush_att": 128.15,
                "rush_yds": 648.26,
                "rush_tds": 7.9,
                "rush_yds_100": 0,
                "rush_yds_200": 0,
                "scrimage_yards_100": 0,
                "scrimage_yards_200": 0,
                "fumbles": 5.01,
                "ret_tds": 0,
                "2pt_tds": 0
            }
        },
        {
            "fpid": 23071,
            "mflid": 16150,
            "name": "C.J. Stroud",
            "position_id": "QB",
            "team_id": "HOU",
            "filename": "cj-stroud.php",
            "stats": {
                "points": 306.34,
                "points_ppr": 306.34,
                "points_half": 306.34,
                "pass_att": 556.96,
                "pass_cmp": 362.58,
                "pass_yds": 4336,
                "pass_tds": 29.45,
                "pass_ints": 10.14,
                "pass_yds_300": 0,
                "pass_yds_400": 0,
                "rush_att": 43.76,
                "rush_yds": 183.77,
                "rush_tds": 2.36,
                "rush_yds_100": 0,
                "rush_yds_200": 0,
                "scrimage_yards_100": 0,
                "scrimage_yards_200": 0,
                "fumbles": 3.64,
                "ret_tds": 0,
                "2pt_tds": 0
            }
        },
        {
            "fpid": 15600,
            "mflid": 12620,
            "name": "Dak Prescott",
            "position_id": "QB",
            "team_id": "DAL",
            "filename": "dak-prescott.php",
            "stats": {
                "points": 306.05,
                "points_ppr": 306.05,
                "points_half": 306.05,
                "pass_att": 572.46,
                "pass_cmp": 384.99,
                "pass_yds": 4181.02,
                "pass_tds": 30.53,
                "pass_ints": 11.99,
                "pass_yds_300": 0,
                "pass_yds_400": 0,
                "rush_att": 51.93,
                "rush_yds": 221.73,
                "rush_tds": 2.01,
                "rush_yds_100": 0,
                "rush_yds_200": 0,
                "scrimage_yards_100": 0,
                "scrimage_yards_200": 0,
                "fumbles": 2.79,
                "ret_tds": 0,
                "2pt_tds": 0
            }
        },
        {
            "fpid": 19196,
            "mflid": 14777,
            "name": "Joe Burrow",
            "position_id": "QB",
            "team_id": "CIN",
            "filename": "joe-burrow.php",
            "stats": {
                "points": 304.4,
                "points_ppr": 304.4,
                "points_half": 304.4,
                "pass_att": 580.28,
                "pass_cmp": 388.95,
                "pass_yds": 4239.33,
                "pass_tds": 30.13,
                "pass_ints": 11.47,
                "pass_yds_300": 0,
                "pass_yds_400": 0,
                "rush_att": 56.71,
                "rush_yds": 191.21,
                "rush_tds": 2.13,
                "rush_yds_100": 0,
                "rush_yds_200": 0,
                "scrimage_yards_100": 0,
                "scrimage_yards_200": 0,
                "fumbles": 3.07,
                "ret_tds": 0,
                "2pt_tds": 0
            }
        },
        {
            "fpid": 18600,
            "mflid": 14056,
            "name": "Kyler Murray",
            "position_id": "QB",
            "team_id": "ARI",
            "filename": "kyler-murray.php",
            "stats": {
                "points": 303.07,
                "points_ppr": 303.07,
                "points_half": 303.07,
                "pass_att": 530.85,
                "pass_cmp": 353.84,
                "pass_yds": 3711.26,
                "pass_tds": 21.98,
                "pass_ints": 12.09,
                "pass_yds_300": 0,
                "pass_yds_400": 0,
                "rush_att": 96.03,
                "rush_yds": 530.41,
                "rush_tds": 5.14,
                "rush_yds_100": 0,
                "rush_yds_200": 0,
                "scrimage_yards_100": 0,
                "scrimage_yards_200": 0,
                "fumbles": 2.56,
                "ret_tds": 0,
                "2pt_tds": 0
            }
        },
        {
            "fpid": 19246,
            "mflid": 14782,
            "name": "Jordan Love",
            "position_id": "QB",
            "team_id": "GB",
            "filename": "jordan-love.php",
            "stats": {
                "points": 294,
                "points_ppr": 294,
                "points_half": 294,
                "pass_att": 545.47,
                "pass_cmp": 354.84,
                "pass_yds": 3987.57,
                "pass_tds": 29.37,
                "pass_ints": 11.46,
                "pass_yds_300": 0,
                "pass_yds_400": 0,
                "rush_att": 45.74,
                "rush_yds": 200.46,
                "rush_tds": 2.42,
                "rush_yds_100": 0,
                "rush_yds_200": 0,
                "scrimage_yards_100": 0,
                "scrimage_yards_200": 0,
                "fumbles": 3.04,
                "ret_tds": 0,
                "2pt_tds": 0
            }
        },
        {
            "fpid": 19797,
            "mflid": 15698,
            "name": "Brock Purdy",
            "position_id": "QB",
            "team_id": "SF",
            "filename": "brock-purdy.php",
            "stats": {
                "points": 292.99,
                "points_ppr": 292.99,
                "points_half": 292.99,
                "pass_att": 498.12,
                "pass_cmp": 336.12,
                "pass_yds": 4075.19,
                "pass_tds": 29.56,
                "pass_ints": 10.79,
                "pass_yds_300": 0,
                "pass_yds_400": 0,
                "rush_att": 44.13,
                "rush_yds": 161.95,
                "rush_tds": 1.94,
                "rush_yds_100": 0,
                "rush_yds_200": 0,
                "scrimage_yards_100": 0,
                "scrimage_yards_200": 0,
                "fumbles": 2.64,
                "ret_tds": 0,
                "2pt_tds": 0
            }
        },
        {
            "fpid": 22902,
            "mflid": 16581,
            "name": "Jayden Daniels",
            "position_id": "QB",
            "team_id": "WAS",
            "filename": "jayden-daniels.php",
            "stats": {
                "points": 290.46,
                "points_ppr": 290.46,
                "points_half": 290.46,
                "pass_att": 543.56,
                "pass_cmp": 338.63,
                "pass_yds": 3582.98,
                "pass_tds": 20.09,
                "pass_ints": 13.83,
                "pass_yds_300": 0,
                "pass_yds_400": 0,
                "rush_att": 114.61,
                "rush_yds": 594.36,
                "rush_tds": 4.99,
                "rush_yds_100": 0,
                "rush_yds_200": 0,
                "scrimage_yards_100": 0,
                "scrimage_yards_200": 0,
                "fumbles": 4.39,
                "ret_tds": 0,
                "2pt_tds": 0
            }
        },
        {
            "fpid": 23084,
            "mflid": 16579,
            "name": "Caleb Williams",
            "position_id": "QB",
            "team_id": "CHI",
            "filename": "caleb-williams.php",
            "stats": {
                "points": 286.75,
                "points_ppr": 286.75,
                "points_half": 286.75,
                "pass_att": 532.69,
                "pass_cmp": 346.61,
                "pass_yds": 3783.9,
                "pass_tds": 25.31,
                "pass_ints": 13.37,
                "pass_yds_300": 0,
                "pass_yds_400": 0,
                "rush_att": 78.12,
                "rush_yds": 363.46,
                "rush_tds": 3.3,
                "rush_yds_100": 0,
                "rush_yds_200": 0,
                "scrimage_yards_100": 0,
                "scrimage_yards_200": 0,
                "fumbles": 4.31,
                "ret_tds": 0,
                "2pt_tds": 0
            }
        },
        {
            "fpid": 19780,
            "mflid": 15237,
            "name": "Trevor Lawrence",
            "position_id": "QB",
            "team_id": "JAC",
            "filename": "trevor-lawrence.php",
            "stats": {
                "points": 286.22,
                "points_ppr": 286.22,
                "points_half": 286.22,
                "pass_att": 566.41,
                "pass_cmp": 373.55,
                "pass_yds": 3985.71,
                "pass_tds": 24.35,
                "pass_ints": 12.48,
                "pass_yds_300": 0,
                "pass_yds_400": 0,
                "rush_att": 66.39,
                "rush_yds": 306.43,
                "rush_tds": 3.48,
                "rush_yds_100": 0,
                "rush_yds_200": 0,
                "scrimage_yards_100": 0,
                "scrimage_yards_200": 0,
                "fumbles": 4.83,
                "ret_tds": 0,
                "2pt_tds": 0
            }
        },
        {
            "fpid": 18635,
            "mflid": 14779,
            "name": "Justin Herbert",
            "position_id": "QB",
            "team_id": "LAC",
            "filename": "justin-herbert.php",
            "stats": {
                "points": 278.4,
                "points_ppr": 278.4,
                "points_half": 278.4,
                "pass_att": 544.78,
                "pass_cmp": 356.23,
                "pass_yds": 3850.58,
                "pass_tds": 24.47,
                "pass_ints": 9.88,
                "pass_yds_300": 0,
                "pass_yds_400": 0,
                "rush_att": 64.85,
                "rush_yds": 263.44,
                "rush_tds": 2.67,
                "rush_yds_100": 0,
                "rush_yds_200": 0,
                "scrimage_yards_100": 0,
                "scrimage_yards_200": 0,
                "fumbles": 2.99,
                "ret_tds": 0,
                "2pt_tds": 0
            }
        },
        {
            "fpid": 16398,
            "mflid": 13113,
            "name": "Deshaun Watson",
            "position_id": "QB",
            "team_id": "CLE",
            "filename": "deshaun-watson.php",
            "stats": {
                "points": 278.29,
                "points_ppr": 278.29,
                "points_half": 278.29,
                "pass_att": 544.62,
                "pass_cmp": 334.27,
                "pass_yds": 3747.25,
                "pass_tds": 22.95,
                "pass_ints": 13.29,
                "pass_yds_300": 0,
                "pass_yds_400": 0,
                "rush_att": 77.14,
                "rush_yds": 385.19,
                "rush_tds": 3.17,
                "rush_yds_100": 0,
                "rush_yds_200": 0,
                "scrimage_yards_100": 0,
                "scrimage_yards_200": 0,
                "fumbles": 3.83,
                "ret_tds": 0,
                "2pt_tds": 0
            }
        },
        {
            "fpid": 15501,
            "mflid": 12611,
            "name": "Jared Goff",
            "position_id": "QB",
            "team_id": "DET",
            "filename": "jared-goff.php",
            "stats": {
                "points": 276.69,
                "points_ppr": 276.69,
                "points_half": 276.69,
                "pass_att": 568.93,
                "pass_cmp": 383.99,
                "pass_yds": 4231.79,
                "pass_tds": 28.05,
                "pass_ints": 10.56,
                "pass_yds_300": 0,
                "pass_yds_400": 0,
                "rush_att": 24,
                "rush_yds": 54.02,
                "rush_tds": 1.11,
                "rush_yds_100": 0,
                "rush_yds_200": 0,
                "scrimage_yards_100": 0,
                "scrimage_yards_200": 0,
                "fumbles": 3.14,
                "ret_tds": 0,
                "2pt_tds": 0
            }
        },
        {
            "fpid": 19198,
            "mflid": 14778,
            "name": "Tua Tagovailoa",
            "position_id": "QB",
            "team_id": "MIA",
            "filename": "tua-tagovailoa.php",
            "stats": {
                "points": 272.44,
                "points_ppr": 272.44,
                "points_half": 272.44,
                "pass_att": 545.09,
                "pass_cmp": 371.01,
                "pass_yds": 4268.92,
                "pass_tds": 27.31,
                "pass_ints": 12.49,
                "pass_yds_300": 0,
                "pass_yds_400": 0,
                "rush_att": 31.8,
                "rush_yds": 88.76,
                "rush_tds": 0.6,
                "rush_yds_100": 0,
                "rush_yds_200": 0,
                "scrimage_yards_100": 0,
                "scrimage_yards_200": 0,
                "fumbles": 3.77,
                "ret_tds": 0,
                "2pt_tds": 0
            }
        },
        {
            "fpid": 11177,
            "mflid": 10700,
            "name": "Kirk Cousins",
            "position_id": "QB",
            "team_id": "ATL",
            "filename": "kirk-cousins.php",
            "stats": {
                "points": 269.09,
                "points_ppr": 269.09,
                "points_half": 269.09,
                "pass_att": 537.27,
                "pass_cmp": 351.91,
                "pass_yds": 4038.84,
                "pass_tds": 27.08,
                "pass_ints": 10.47,
                "pass_yds_300": 0,
                "pass_yds_400": 0,
                "rush_att": 34.71,
                "rush_yds": 101.04,
                "rush_tds": 1.43,
                "rush_yds_100": 0,
                "rush_yds_200": 0,
                "scrimage_yards_100": 0,
                "scrimage_yards_200": 0,
                "fumbles": 4.5,
                "ret_tds": 0,
                "2pt_tds": 0
            }
        },
        {
            "fpid": 17237,
            "mflid": 13590,
            "name": "Baker Mayfield",
            "position_id": "QB",
            "team_id": "TB",
            "filename": "baker-mayfield.php",
            "stats": {
                "points": 268.2,
                "points_ppr": 268.2,
                "points_half": 268.2,
                "pass_att": 562.67,
                "pass_cmp": 355.51,
                "pass_yds": 3947.72,
                "pass_tds": 25.76,
                "pass_ints": 11.93,
                "pass_yds_300": 0,
                "pass_yds_400": 0,
                "rush_att": 51.84,
                "rush_yds": 171.06,
                "rush_tds": 1.44,
                "rush_yds_100": 0,
                "rush_yds_200": 0,
                "scrimage_yards_100": 0,
                "scrimage_yards_200": 0,
                "fumbles": 3.29,
                "ret_tds": 0,
                "2pt_tds": 0
            }
        },
        {
            "fpid": 9451,
            "mflid": 9431,
            "name": "Matthew Stafford",
            "position_id": "QB",
            "team_id": "LAR",
            "filename": "matthew-stafford.php",
            "stats": {
                "points": 266.11,
                "points_ppr": 266.11,
                "points_half": 266.11,
                "pass_att": 552.97,
                "pass_cmp": 355.44,
                "pass_yds": 4127.47,
                "pass_tds": 26.88,
                "pass_ints": 12.5,
                "pass_yds_300": 0,
                "pass_yds_400": 0,
                "rush_att": 23.96,
                "rush_yds": 67.77,
                "rush_tds": 0.59,
                "rush_yds_100": 0,
                "rush_yds_200": 0,
                "scrimage_yards_100": 0,
                "scrimage_yards_200": 0,
                "fumbles": 2.16,
                "ret_tds": 0,
                "2pt_tds": 0
            }
        },
        {
            "fpid": 9001,
            "mflid": 7836,
            "name": "Aaron Rodgers",
            "position_id": "QB",
            "team_id": "NYJ",
            "filename": "aaron-rodgers.php",
            "stats": {
                "points": 262.64,
                "points_ppr": 262.64,
                "points_half": 262.64,
                "pass_att": 544.56,
                "pass_cmp": 359.78,
                "pass_yds": 3841.61,
                "pass_tds": 26.19,
                "pass_ints": 8.98,
                "pass_yds_300": 0,
                "pass_yds_400": 0,
                "rush_att": 32.59,
                "rush_yds": 107.49,
                "rush_tds": 1.3,
                "rush_yds_100": 0,
                "rush_yds_200": 0,
                "scrimage_yards_100": 0,
                "scrimage_yards_200": 0,
                "fumbles": 2.67,
                "ret_tds": 0,
                "2pt_tds": 0
            }
        },
        {
            "fpid": 11687,
            "mflid": 11150,
            "name": "Geno Smith",
            "position_id": "QB",
            "team_id": "SEA",
            "filename": "geno-smith.php",
            "stats": {
                "points": 259.02,
                "points_ppr": 259.02,
                "points_half": 259.02,
                "pass_att": 521.38,
                "pass_cmp": 341.77,
                "pass_yds": 3745.74,
                "pass_tds": 24.13,
                "pass_ints": 11.9,
                "pass_yds_300": 0,
                "pass_yds_400": 0,
                "rush_att": 50.63,
                "rush_yds": 203.99,
                "rush_tds": 1.72,
                "rush_yds_100": 0,
                "rush_yds_200": 0,
                "scrimage_yards_100": 0,
                "scrimage_yards_200": 0,
                "fumbles": 3.07,
                "ret_tds": 0,
                "2pt_tds": 0
            }
        },
        {
            "fpid": 22987,
            "mflid": 16149,
            "name": "Will Levis",
            "position_id": "QB",
            "team_id": "TEN",
            "filename": "will-levis.php",
            "stats": {
                "points": 249.23,
                "points_ppr": 249.23,
                "points_half": 249.23,
                "pass_att": 513.3,
                "pass_cmp": 323.41,
                "pass_yds": 3728.59,
                "pass_tds": 22.22,
                "pass_ints": 12.41,
                "pass_yds_300": 0,
                "pass_yds_400": 0,
                "rush_att": 53.81,
                "rush_yds": 185.17,
                "rush_tds": 2.24,
                "rush_yds_100": 0,
                "rush_yds_200": 0,
                "scrimage_yards_100": 0,
                "scrimage_yards_200": 0,
                "fumbles": 4.18,
                "ret_tds": 0,
                "2pt_tds": 0
            }
        },
        {
            "fpid": 18232,
            "mflid": 14059,
            "name": "Daniel Jones",
            "position_id": "QB",
            "team_id": "NYG",
            "filename": "daniel-jones.php",
            "stats": {
                "points": 245.54,
                "points_ppr": 245.54,
                "points_half": 245.54,
                "pass_att": 494.05,
                "pass_cmp": 322.41,
                "pass_yds": 3227.2,
                "pass_tds": 16.6,
                "pass_ints": 10.61,
                "pass_yds_300": 0,
                "pass_yds_400": 0,
                "rush_att": 94.98,
                "rush_yds": 469.06,
                "rush_tds": 3.49,
                "rush_yds_100": 0,
                "rush_yds_200": 0,
                "scrimage_yards_100": 0,
                "scrimage_yards_200": 0,
                "fumbles": 3.58,
                "ret_tds": 0,
                "2pt_tds": 0
            }
        },
        {
            "fpid": 12092,
            "mflid": 11644,
            "name": "Derek Carr",
            "position_id": "QB",
            "team_id": "NO",
            "filename": "derek-carr.php",
            "stats": {
                "points": 244.24,
                "points_ppr": 244.24,
                "points_half": 244.24,
                "pass_att": 544.44,
                "pass_cmp": 363.52,
                "pass_yds": 3842.37,
                "pass_tds": 24.5,
                "pass_ints": 10.86,
                "pass_yds_300": 0,
                "pass_yds_400": 0,
                "rush_att": 24.66,
                "rush_yds": 71.12,
                "rush_tds": 0.46,
                "rush_yds_100": 0,
                "rush_yds_200": 0,
                "scrimage_yards_100": 0,
                "scrimage_yards_200": 0,
                "fumbles": 3.24,
                "ret_tds": 0,
                "2pt_tds": 0
            }
        },
        {
            "fpid": 17236,
            "mflid": 13592,
            "name": "Sam Darnold",
            "position_id": "QB",
            "team_id": "MIN",
            "filename": "sam-darnold.php",
            "stats": {
                "points": 243.97,
                "points_ppr": 243.97,
                "points_half": 243.97,
                "pass_att": 541.04,
                "pass_cmp": 343.56,
                "pass_yds": 3721.51,
                "pass_tds": 21.93,
                "pass_ints": 14.44,
                "pass_yds_300": 0,
                "pass_yds_400": 0,
                "rush_att": 44.51,
                "rush_yds": 173.21,
                "rush_tds": 2.12,
                "rush_yds_100": 0,
                "rush_yds_200": 0,
                "scrimage_yards_100": 0,
                "scrimage_yards_200": 0,
                "fumbles": 4.11,
                "ret_tds": 0,
                "2pt_tds": 0
            }
        },
        {
            "fpid": 22910,
            "mflid": 16582,
            "name": "Bo Nix",
            "position_id": "QB",
            "team_id": "DEN",
            "filename": "bo-nix.php",
            "stats": {
                "points": 227.52,
                "points_ppr": 227.52,
                "points_half": 227.52,
                "pass_att": 496.56,
                "pass_cmp": 309.91,
                "pass_yds": 3210.53,
                "pass_tds": 19.02,
                "pass_ints": 12.09,
                "pass_yds_300": 0,
                "pass_yds_400": 0,
                "rush_att": 61.41,
                "rush_yds": 281.01,
                "rush_tds": 2.35,
                "rush_yds_100": 0,
                "rush_yds_200": 0,
                "scrimage_yards_100": 0,
                "scrimage_yards_200": 0,
                "fumbles": 3.55,
                "ret_tds": 0,
                "2pt_tds": 0
            }
        },
        {
            "fpid": 22900,
            "mflid": 16148,
            "name": "Bryce Young",
            "position_id": "QB",
            "team_id": "CAR",
            "filename": "bryce-young.php",
            "stats": {
                "points": 227.39,
                "points_ppr": 227.39,
                "points_half": 227.39,
                "pass_att": 531.43,
                "pass_cmp": 333.25,
                "pass_yds": 3450.94,
                "pass_tds": 19.33,
                "pass_ints": 11.93,
                "pass_yds_300": 0,
                "pass_yds_400": 0,
                "rush_att": 42.55,
                "rush_yds": 235.37,
                "rush_tds": 1.23,
                "rush_yds_100": 0,
                "rush_yds_200": 0,
                "scrimage_yards_100": 0,
                "scrimage_yards_200": 0,
                "fumbles": 3.47,
                "ret_tds": 0,
                "2pt_tds": 0
            }
        },
        {
            "fpid": 11180,
            "mflid": 10703,
            "name": "Russell Wilson",
            "position_id": "QB",
            "team_id": "PIT",
            "filename": "russell-wilson.php",
            "stats": {
                "points": 219.56,
                "points_ppr": 219.56,
                "points_half": 219.56,
                "pass_att": 442.98,
                "pass_cmp": 281.78,
                "pass_yds": 2951.37,
                "pass_tds": 18.17,
                "pass_ints": 9.42,
                "pass_yds_300": 0,
                "pass_yds_400": 0,
                "rush_att": 65.75,
                "rush_yds": 297.3,
                "rush_tds": 2.58,
                "rush_yds_100": 0,
                "rush_yds_200": 0,
                "scrimage_yards_100": 0,
                "scrimage_yards_200": 0,
                "fumbles": 3.46,
                "ret_tds": 0,
                "2pt_tds": 0
            }
        },
        {
            "fpid": 18562,
            "mflid": 14067,
            "name": "Gardner Minshew II",
            "position_id": "QB",
            "team_id": "LV",
            "filename": "gardner-minshew.php",
            "stats": {
                "points": 182.84,
                "points_ppr": 182.84,
                "points_half": 182.84,
                "pass_att": 413.31,
                "pass_cmp": 259.18,
                "pass_yds": 2792.78,
                "pass_tds": 16.06,
                "pass_ints": 10.26,
                "pass_yds_300": 0,
                "pass_yds_400": 0,
                "rush_att": 34.04,
                "rush_yds": 123.45,
                "rush_tds": 1.76,
                "rush_yds_100": 0,
                "rush_yds_200": 0,
                "scrimage_yards_100": 0,
                "scrimage_yards_200": 0,
                "fumbles": 2.88,
                "ret_tds": 0,
                "2pt_tds": 0
            }
        },
        {
            "fpid": 23046,
            "mflid": 16580,
            "name": "Drake Maye",
            "position_id": "QB",
            "team_id": "NE",
            "filename": "drake-maye.php",
            "stats": {
                "points": 163.47,
                "points_ppr": 163.47,
                "points_half": 163.47,
                "pass_att": 422.57,
                "pass_cmp": 267.9,
                "pass_yds": 2452.35,
                "pass_tds": 12.24,
                "pass_ints": 10.05,
                "pass_yds_300": 0,
                "pass_yds_400": 0,
                "rush_att": 54.75,
                "rush_yds": 206.36,
                "rush_tds": 1.61,
                "rush_yds_100": 0,
                "rush_yds_200": 0,
                "scrimage_yards_100": 0,
                "scrimage_yards_200": 0,
                "fumbles": 1.91,
                "ret_tds": 0,
                "2pt_tds": 0
            }
        },
        {
            "fpid": 15642,
            "mflid": 12616,
            "name": "Jacoby Brissett",
            "position_id": "QB",
            "team_id": "NE",
            "filename": "jacoby-brissett.php",
            "stats": {
                "points": 87.85,
                "points_ppr": 87.85,
                "points_half": 87.85,
                "pass_att": 126.61,
                "pass_cmp": 80.76,
                "pass_yds": 1300.88,
                "pass_tds": 7.43,
                "pass_ints": 4.77,
                "pass_yds_300": 0,
                "pass_yds_400": 0,
                "rush_att": 11.57,
                "rush_yds": 94.53,
                "rush_tds": 0.78,
                "rush_yds_100": 0,
                "rush_yds_200": 0,
                "scrimage_yards_100": 0,
                "scrimage_yards_200": 0,
                "fumbles": 1.62,
                "ret_tds": 0,
                "2pt_tds": 0
            }
        },
        {
            "fpid": 24330,
            "mflid": 16159,
            "name": "Aidan O'Connell",
            "position_id": "QB",
            "team_id": "LV",
            "filename": "aidan-oconnell.php",
            "stats": {
                "points": 74.9,
                "points_ppr": 74.9,
                "points_half": 74.9,
                "pass_att": 202.39,
                "pass_cmp": 127.78,
                "pass_yds": 1242.72,
                "pass_tds": 6.5,
                "pass_ints": 4.62,
                "pass_yds_300": 0,
                "pass_yds_400": 0,
                "rush_att": 18.08,
                "rush_yds": 36.65,
                "rush_tds": 0.34,
                "rush_yds_100": 0,
                "rush_yds_200": 0,
                "scrimage_yards_100": 0,
                "scrimage_yards_200": 0,
                "fumbles": 0.95,
                "ret_tds": 0,
                "2pt_tds": 0
            }
        },
        {
            "fpid": 19781,
            "mflid": 15238,
            "name": "Justin Fields",
            "position_id": "QB",
            "team_id": "PIT",
            "filename": "justin-fields.php",
            "stats": {
                "points": 71.45,
                "points_ppr": 71.45,
                "points_half": 71.45,
                "pass_att": 98.94,
                "pass_cmp": 60.69,
                "pass_yds": 761.26,
                "pass_tds": 4.14,
                "pass_ints": 3.12,
                "pass_yds_300": 0,
                "pass_yds_400": 0,
                "rush_att": 38.84,
                "rush_yds": 219.46,
                "rush_tds": 1.55,
                "rush_yds_100": 0,
                "rush_yds_200": 0,
                "scrimage_yards_100": 0,
                "scrimage_yards_200": 0,
                "fumbles": 1.84,
                "ret_tds": 0,
                "2pt_tds": 0
            }
        },
        {
            "fpid": 23045,
            "mflid": 15693,
            "name": "Sam Howell",
            "position_id": "QB",
            "team_id": "SEA",
            "filename": "sam-howell.php",
            "stats": {
                "points": 35.3,
                "points_ppr": 35.3,
                "points_half": 35.3,
                "pass_att": 72.7,
                "pass_cmp": 46.76,
                "pass_yds": 494.15,
                "pass_tds": 3.07,
                "pass_ints": 2.19,
                "pass_yds_300": 0,
                "pass_yds_400": 0,
                "rush_att": 7.99,
                "rush_yds": 39.01,
                "rush_tds": 0.43,
                "rush_yds_100": 0,
                "rush_yds_200": 0,
                "scrimage_yards_100": 0,
                "scrimage_yards_200": 0,
                "fumbles": 0.53,
                "ret_tds": 0,
                "2pt_tds": 0
            }
        },
        {
            "fpid": 18225,
            "mflid": 14057,
            "name": "Drew Lock",
            "position_id": "QB",
            "team_id": "NYG",
            "filename": "drew-lock.php",
            "stats": {
                "points": 33.91,
                "points_ppr": 33.91,
                "points_half": 33.91,
                "pass_att": 74.07,
                "pass_cmp": 46.41,
                "pass_yds": 504.97,
                "pass_tds": 3.32,
                "pass_ints": 1.76,
                "pass_yds_300": 0,
                "pass_yds_400": 0,
                "rush_att": 7.9,
                "rush_yds": 24.86,
                "rush_tds": 0.14,
                "rush_yds_100": 0,
                "rush_yds_200": 0,
                "scrimage_yards_100": 0,
                "scrimage_yards_200": 0,
                "fumbles": 0.56,
                "ret_tds": 0,
                "2pt_tds": 0
            }
        },
        {
            "fpid": 16726,
            "mflid": 13968,
            "name": "Nick Mullens",
            "position_id": "QB",
            "team_id": "MIN",
            "filename": "nick-mullens.php",
            "stats": {
                "points": 33.24,
                "points_ppr": 33.24,
                "points_half": 33.24,
                "pass_att": 82.94,
                "pass_cmp": 53.64,
                "pass_yds": 561.95,
                "pass_tds": 2.99,
                "pass_ints": 2.13,
                "pass_yds_300": 0,
                "pass_yds_400": 0,
                "rush_att": 5.56,
                "rush_yds": 18.21,
                "rush_tds": 0.09,
                "rush_yds_100": 0,
                "rush_yds_200": 0,
                "scrimage_yards_100": 0,
                "scrimage_yards_200": 0,
                "fumbles": 0.7,
                "ret_tds": 0,
                "2pt_tds": 0
            }
        },
        {
            "fpid": 18604,
            "mflid": 14063,
            "name": "Jarrett Stidham",
            "position_id": "QB",
            "team_id": "DEN",
            "filename": "jarrett-stidham.php",
            "stats": {
                "points": 28.93,
                "points_ppr": 28.93,
                "points_half": 28.93,
                "pass_att": 64.37,
                "pass_cmp": 40.13,
                "pass_yds": 439.73,
                "pass_tds": 2.44,
                "pass_ints": 1.77,
                "pass_yds_300": 0,
                "pass_yds_400": 0,
                "rush_att": 8.15,
                "rush_yds": 25.95,
                "rush_tds": 0.33,
                "rush_yds_100": 0,
                "rush_yds_200": 0,
                "scrimage_yards_100": 0,
                "scrimage_yards_200": 0,
                "fumbles": 0.61,
                "ret_tds": 0,
                "2pt_tds": 0
            }
        },
        {
            "fpid": 13891,
            "mflid": 12140,
            "name": "Jameis Winston",
            "position_id": "QB",
            "team_id": "CLE",
            "filename": "jameis-winston.php",
            "stats": {
                "points": 26.97,
                "points_ppr": 26.97,
                "points_half": 26.97,
                "pass_att": 60.5,
                "pass_cmp": 37.62,
                "pass_yds": 423.92,
                "pass_tds": 2.47,
                "pass_ints": 1.96,
                "pass_yds_300": 0,
                "pass_yds_400": 0,
                "rush_att": 5.77,
                "rush_yds": 21.6,
                "rush_tds": 0.07,
                "rush_yds_100": 0,
                "rush_yds_200": 0,
                "scrimage_yards_100": 0,
                "scrimage_yards_200": 0,
                "fumbles": 0.23,
                "ret_tds": 0,
                "2pt_tds": 0
            }
        },
        {
            "fpid": 22973,
            "mflid": 16583,
            "name": "Michael Penix Jr.",
            "position_id": "QB",
            "team_id": "ATL",
            "filename": "michael-penix-jr.php",
            "stats": {
                "points": 25.64,
                "points_ppr": 25.64,
                "points_half": 25.64,
                "pass_att": 42.07,
                "pass_cmp": 25.79,
                "pass_yds": 334.1,
                "pass_tds": 2.52,
                "pass_ints": 1.29,
                "pass_yds_300": 0,
                "pass_yds_400": 0,
                "rush_att": 3.41,
                "rush_yds": 21.12,
                "rush_tds": 0.4,
                "rush_yds_100": 0,
                "rush_yds_200": 0,
                "scrimage_yards_100": 0,
                "scrimage_yards_200": 0,
                "fumbles": 0.5,
                "ret_tds": 0,
                "2pt_tds": 0
            }
        },
        {
            "fpid": 18557,
            "mflid": 14358,
            "name": "Jake Browning",
            "position_id": "QB",
            "team_id": "CIN",
            "filename": "jake-browning.php",
            "stats": {
                "points": 24.72,
                "points_ppr": 24.72,
                "points_half": 24.72,
                "pass_att": 50.58,
                "pass_cmp": 32.67,
                "pass_yds": 328.01,
                "pass_tds": 2.41,
                "pass_ints": 0.97,
                "pass_yds_300": 0,
                "pass_yds_400": 0,
                "rush_att": 5.62,
                "rush_yds": 23.51,
                "rush_tds": 0.15,
                "rush_yds_100": 0,
                "rush_yds_200": 0,
                "scrimage_yards_100": 0,
                "scrimage_yards_200": 0,
                "fumbles": 0.16,
                "ret_tds": 0,
                "2pt_tds": 0
            }
        },
        {
            "fpid": 23081,
            "mflid": 16586,
            "name": "Spencer Rattler",
            "position_id": "QB",
            "team_id": "NO",
            "filename": "spencer-rattler.php",
            "stats": {
                "points": 24.59,
                "points_ppr": 24.59,
                "points_half": 24.59,
                "pass_att": 66.56,
                "pass_cmp": 43.66,
                "pass_yds": 336.69,
                "pass_tds": 2.4,
                "pass_ints": 0.78,
                "pass_yds_300": 0,
                "pass_yds_400": 0,
                "rush_att": 5.51,
                "rush_yds": 22.19,
                "rush_tds": 0.1,
                "rush_yds_100": 0,
                "rush_yds_200": 0,
                "scrimage_yards_100": 0,
                "scrimage_yards_200": 0,
                "fumbles": 0.25,
                "ret_tds": 0,
                "2pt_tds": 0
            }
        },
        {
            "fpid": 24332,
            "mflid": 16151,
            "name": "Hendon Hooker",
            "position_id": "QB",
            "team_id": "DET",
            "filename": "hendon-hooker.php",
            "stats": {
                "points": 22.92,
                "points_ppr": 22.92,
                "points_half": 22.92,
                "pass_att": 68.07,
                "pass_cmp": 44.09,
                "pass_yds": 338.4,
                "pass_tds": 1.92,
                "pass_ints": 1.36,
                "pass_yds_300": 0,
                "pass_yds_400": 0,
                "rush_att": 6.1,
                "rush_yds": 25.74,
                "rush_tds": 0.17,
                "rush_yds_100": 0,
                "rush_yds_200": 0,
                "scrimage_yards_100": 0,
                "scrimage_yards_200": 0,
                "fumbles": 0.26,
                "ret_tds": 0,
                "2pt_tds": 0
            }
        },
        {
            "fpid": 9326,
            "mflid": 9207,
            "name": "Josh Johnson",
            "position_id": "QB",
            "team_id": "BAL",
            "filename": "josh-johnson.php",
            "stats": {
                "points": 22.88,
                "points_ppr": 22.88,
                "points_half": 22.88,
                "pass_att": 42.67,
                "pass_cmp": 26.65,
                "pass_yds": 293.51,
                "pass_tds": 1.85,
                "pass_ints": 0.87,
                "pass_yds_300": 0,
                "pass_yds_400": 0,
                "rush_att": 8.85,
                "rush_yds": 37.04,
                "rush_tds": 0.27,
                "rush_yds_100": 0,
                "rush_yds_200": 0,
                "scrimage_yards_100": 0,
                "scrimage_yards_200": 0,
                "fumbles": 0.35,
                "ret_tds": 0,
                "2pt_tds": 0
            }
        },
        {
            "fpid": 16381,
            "mflid": 13115,
            "name": "Mitchell Trubisky",
            "position_id": "QB",
            "team_id": "BUF",
            "filename": "mitch-trubisky.php",
            "stats": {
                "points": 22.03,
                "points_ppr": 22.03,
                "points_half": 22.03,
                "pass_att": 45.88,
                "pass_cmp": 30.4,
                "pass_yds": 274.98,
                "pass_tds": 2.02,
                "pass_ints": 1.29,
                "pass_yds_300": 0,
                "pass_yds_400": 0,
                "rush_att": 8.05,
                "rush_yds": 26.69,
                "rush_tds": 0.31,
                "rush_yds_100": 0,
                "rush_yds_200": 0,
                "scrimage_yards_100": 0,
                "scrimage_yards_200": 0,
                "fumbles": 0.15,
                "ret_tds": 0,
                "2pt_tds": 0
            }
        },
        {
            "fpid": 12208,
            "mflid": 11760,
            "name": "Jimmy Garoppolo",
            "position_id": "QB",
            "team_id": "LAR",
            "filename": "jimmy-garoppolo.php",
            "stats": {
                "points": 21.2,
                "points_ppr": 21.2,
                "points_half": 21.2,
                "pass_att": 46.92,
                "pass_cmp": 30.47,
                "pass_yds": 317.36,
                "pass_tds": 2.11,
                "pass_ints": 0.96,
                "pass_yds_300": 0,
                "pass_yds_400": 0,
                "rush_att": 3.83,
                "rush_yds": 10.54,
                "rush_tds": 0.04,
                "rush_yds_100": 0,
                "rush_yds_200": 0,
                "scrimage_yards_100": 0,
                "scrimage_yards_200": 0,
                "fumbles": 0.14,
                "ret_tds": 0,
                "2pt_tds": 0
            }
        },
        {
            "fpid": 24170,
            "mflid": 15699,
            "name": "Skylar Thompson",
            "position_id": "QB",
            "team_id": "MIA",
            "filename": "skylar-thompson.php",
            "stats": {
                "points": 21.12,
                "points_ppr": 21.12,
                "points_half": 21.12,
                "pass_att": 70.27,
                "pass_cmp": 44.36,
                "pass_yds": 340.59,
                "pass_tds": 1.73,
                "pass_ints": 1.38,
                "pass_yds_300": 0,
                "pass_yds_400": 0,
                "rush_att": 5.78,
                "rush_yds": 19.59,
                "rush_tds": 0.09,
                "rush_yds_100": 0,
                "rush_yds_200": 0,
                "scrimage_yards_100": 0,
                "scrimage_yards_200": 0,
                "fumbles": 0.25,
                "ret_tds": 0,
                "2pt_tds": 0
            }
        },
        {
            "fpid": 15520,
            "mflid": 12610,
            "name": "Carson Wentz",
            "position_id": "QB",
            "team_id": "KC",
            "filename": "carson-wentz.php",
            "stats": {
                "points": 20.6,
                "points_ppr": 20.6,
                "points_half": 20.6,
                "pass_att": 46.07,
                "pass_cmp": 28.93,
                "pass_yds": 285.67,
                "pass_tds": 2.08,
                "pass_ints": 0.69,
                "pass_yds_300": 0,
                "pass_yds_400": 0,
                "rush_att": 3.79,
                "rush_yds": 15.53,
                "rush_tds": 0.08,
                "rush_yds_100": 0,
                "rush_yds_200": 0,
                "scrimage_yards_100": 0,
                "scrimage_yards_200": 0,
                "fumbles": 0.22,
                "ret_tds": 0,
                "2pt_tds": 0
            }
        },
        {
            "fpid": 16417,
            "mflid": 13119,
            "name": "Joshua Dobbs",
            "position_id": "QB",
            "team_id": "SF",
            "filename": "joshua-dobbs.php",
            "stats": {
                "points": 20.41,
                "points_ppr": 20.41,
                "points_half": 20.41,
                "pass_att": 40.57,
                "pass_cmp": 26.88,
                "pass_yds": 267.17,
                "pass_tds": 1.81,
                "pass_ints": 0.86,
                "pass_yds_300": 0,
                "pass_yds_400": 0,
                "rush_att": 6,
                "rush_yds": 27.81,
                "rush_tds": 0.17,
                "rush_yds_100": 0,
                "rush_yds_200": 0,
                "scrimage_yards_100": 0,
                "scrimage_yards_200": 0,
                "fumbles": 0.24,
                "ret_tds": 0,
                "2pt_tds": 0
            }
        },
        {
            "fpid": 25321,
            "mflid": 16384,
            "name": "Tyson Bagent",
            "position_id": "QB",
            "team_id": "CHI",
            "filename": "tyson-bagent.php",
            "stats": {
                "points": 20.03,
                "points_ppr": 20.03,
                "points_half": 20.03,
                "pass_att": 46.32,
                "pass_cmp": 29.74,
                "pass_yds": 290.98,
                "pass_tds": 1.72,
                "pass_ints": 1.18,
                "pass_yds_300": 0,
                "pass_yds_400": 0,
                "rush_att": 5.22,
                "rush_yds": 24.44,
                "rush_tds": 0.11,
                "rush_yds_100": 0,
                "rush_yds_200": 0,
                "scrimage_yards_100": 0,
                "scrimage_yards_200": 0,
                "fumbles": 0.2,
                "ret_tds": 0,
                "2pt_tds": 0
            }
        },
        {
            "fpid": 10007,
            "mflid": 10413,
            "name": "Tyrod Taylor",
            "position_id": "QB",
            "team_id": "NYJ",
            "filename": "tyrod-taylor.php",
            "stats": {
                "points": 19.66,
                "points_ppr": 19.66,
                "points_half": 19.66,
                "pass_att": 43.51,
                "pass_cmp": 27.47,
                "pass_yds": 273.13,
                "pass_tds": 1.86,
                "pass_ints": 0.95,
                "pass_yds_300": 0,
                "pass_yds_400": 0,
                "rush_att": 5.47,
                "rush_yds": 24.01,
                "rush_tds": 0.05,
                "rush_yds_100": 0,
                "rush_yds_200": 0,
                "scrimage_yards_100": 0,
                "scrimage_yards_200": 0,
                "fumbles": 0.2,
                "ret_tds": 0,
                "2pt_tds": 0
            }
        },
        {
            "fpid": 16477,
            "mflid": 13124,
            "name": "Cooper Rush",
            "position_id": "QB",
            "team_id": "DAL",
            "filename": "cooper-rush.php",
            "stats": {
                "points": 19.66,
                "points_ppr": 19.66,
                "points_half": 19.66,
                "pass_att": 48.17,
                "pass_cmp": 30.56,
                "pass_yds": 298.84,
                "pass_tds": 1.97,
                "pass_ints": 1.28,
                "pass_yds_300": 0,
                "pass_yds_400": 0,
                "rush_att": 5.66,
                "rush_yds": 11.04,
                "rush_tds": 0.06,
                "rush_yds_100": 0,
                "rush_yds_200": 0,
                "scrimage_yards_100": 0,
                "scrimage_yards_200": 0,
                "fumbles": 0.17,
                "ret_tds": 0,
                "2pt_tds": 0
            }
        },
        {
            "fpid": 22799,
            "mflid": 15252,
            "name": "Davis Mills",
            "position_id": "QB",
            "team_id": "HOU",
            "filename": "davis-mills.php",
            "stats": {
                "points": 19.53,
                "points_ppr": 19.53,
                "points_half": 19.53,
                "pass_att": 47.65,
                "pass_cmp": 29.94,
                "pass_yds": 290.21,
                "pass_tds": 1.85,
                "pass_ints": 0.97,
                "pass_yds_300": 0,
                "pass_yds_400": 0,
                "rush_att": 4.52,
                "rush_yds": 14.94,
                "rush_tds": 0.06,
                "rush_yds_100": 0,
                "rush_yds_200": 0,
                "scrimage_yards_100": 0,
                "scrimage_yards_200": 0,
                "fumbles": 0.17,
                "ret_tds": 0,
                "2pt_tds": 0
            }
        },
        {
            "fpid": 9300,
            "mflid": 9064,
            "name": "Joe Flacco",
            "position_id": "QB",
            "team_id": "IND",
            "filename": "joe-flacco.php",
            "stats": {
                "points": 19.39,
                "points_ppr": 19.39,
                "points_half": 19.39,
                "pass_att": 48.89,
                "pass_cmp": 30.67,
                "pass_yds": 317.59,
                "pass_tds": 1.81,
                "pass_ints": 1.14,
                "pass_yds_300": 0,
                "pass_yds_400": 0,
                "rush_att": 4.98,
                "rush_yds": 13.32,
                "rush_tds": 0.05,
                "rush_yds_100": 0,
                "rush_yds_200": 0,
                "scrimage_yards_100": 0,
                "scrimage_yards_200": 0,
                "fumbles": 0.52,
                "ret_tds": 0,
                "2pt_tds": 0
            }
        },
        {
            "fpid": 25227,
            "mflid": 16160,
            "name": "Clayton Tune",
            "position_id": "QB",
            "team_id": "ARI",
            "filename": "clayton-tune.php",
            "stats": {
                "points": 19.32,
                "points_ppr": 19.32,
                "points_half": 19.32,
                "pass_att": 48.35,
                "pass_cmp": 30.9,
                "pass_yds": 305.62,
                "pass_tds": 1.57,
                "pass_ints": 1.45,
                "pass_yds_300": 0,
                "pass_yds_400": 0,
                "rush_att": 5.69,
                "rush_yds": 20.77,
                "rush_tds": 0.09,
                "rush_yds_100": 0,
                "rush_yds_200": 0,
                "scrimage_yards_100": 0,
                "scrimage_yards_200": 0,
                "fumbles": 0.18,
                "ret_tds": 0,
                "2pt_tds": 0
            }
        },
        {
            "fpid": 13932,
            "mflid": 12476,
            "name": "Taylor Heinicke",
            "position_id": "QB",
            "team_id": "LAC",
            "filename": "taylor-heinicke.php",
            "stats": {
                "points": 19.3,
                "points_ppr": 19.3,
                "points_half": 19.3,
                "pass_att": 42.86,
                "pass_cmp": 27.26,
                "pass_yds": 274.82,
                "pass_tds": 1.7,
                "pass_ints": 0.88,
                "pass_yds_300": 0,
                "pass_yds_400": 0,
                "rush_att": 6.64,
                "rush_yds": 27.6,
                "rush_tds": 0.1,
                "rush_yds_100": 0,
                "rush_yds_200": 0,
                "scrimage_yards_100": 0,
                "scrimage_yards_200": 0,
                "fumbles": 0.48,
                "ret_tds": 0,
                "2pt_tds": 0
            }
        },
        {
            "fpid": 20156,
            "mflid": 15241,
            "name": "Mac Jones",
            "position_id": "QB",
            "team_id": "JAC",
            "filename": "mac-jones.php",
            "stats": {
                "points": 19.26,
                "points_ppr": 19.26,
                "points_half": 19.26,
                "pass_att": 46.92,
                "pass_cmp": 31.51,
                "pass_yds": 293.68,
                "pass_tds": 1.65,
                "pass_ints": 0.93,
                "pass_yds_300": 0,
                "pass_yds_400": 0,
                "rush_att": 5.36,
                "rush_yds": 18.88,
                "rush_tds": 0.04,
                "rush_yds_100": 0,
                "rush_yds_200": 0,
                "scrimage_yards_100": 0,
                "scrimage_yards_200": 0,
                "fumbles": 0.15,
                "ret_tds": 0,
                "2pt_tds": 0
            }
        },
        {
            "fpid": 23499,
            "mflid": 15694,
            "name": "Malik Willis",
            "position_id": "QB",
            "team_id": "GB",
            "filename": "malik-willis.php",
            "stats": {
                "points": 19.25,
                "points_ppr": 19.25,
                "points_half": 19.25,
                "pass_att": 40.75,
                "pass_cmp": 25.12,
                "pass_yds": 255.97,
                "pass_tds": 1.87,
                "pass_ints": 0.92,
                "pass_yds_300": 0,
                "pass_yds_400": 0,
                "rush_att": 6.91,
                "rush_yds": 26.11,
                "rush_tds": 0.06,
                "rush_yds_100": 0,
                "rush_yds_200": 0,
                "scrimage_yards_100": 0,
                "scrimage_yards_200": 0,
                "fumbles": 0.25,
                "ret_tds": 0,
                "2pt_tds": 0
            }
        },
        {
            "fpid": 22722,
            "mflid": 15692,
            "name": "Kenny Pickett",
            "position_id": "QB",
            "team_id": "PHI",
            "filename": "kenny-pickett.php",
            "stats": {
                "points": 18.91,
                "points_ppr": 18.91,
                "points_half": 18.91,
                "pass_att": 43.83,
                "pass_cmp": 28.44,
                "pass_yds": 283.34,
                "pass_tds": 1.64,
                "pass_ints": 1.16,
                "pass_yds_300": 0,
                "pass_yds_400": 0,
                "rush_att": 7.08,
                "rush_yds": 21.53,
                "rush_tds": 0.16,
                "rush_yds_100": 0,
                "rush_yds_200": 0,
                "scrimage_yards_100": 0,
                "scrimage_yards_200": 0,
                "fumbles": 0.46,
                "ret_tds": 0,
                "2pt_tds": 0
            }
        },
        {
            "fpid": 13890,
            "mflid": 12141,
            "name": "Marcus Mariota",
            "position_id": "QB",
            "team_id": "WAS",
            "filename": "marcus-mariota.php",
            "stats": {
                "points": 18.88,
                "points_ppr": 18.88,
                "points_half": 18.88,
                "pass_att": 42.58,
                "pass_cmp": 26.43,
                "pass_yds": 272.22,
                "pass_tds": 1.47,
                "pass_ints": 1.23,
                "pass_yds_300": 0,
                "pass_yds_400": 0,
                "rush_att": 6.86,
                "rush_yds": 30.31,
                "rush_tds": 0.13,
                "rush_yds_100": 0,
                "rush_yds_200": 0,
                "scrimage_yards_100": 0,
                "scrimage_yards_200": 0,
                "fumbles": 0.23,
                "ret_tds": 0,
                "2pt_tds": 0
            }
        },
        {
            "fpid": 19800,
            "mflid": 15242,
            "name": "Kyle Trask",
            "position_id": "QB",
            "team_id": "TB",
            "filename": "kyle-trask.php",
            "stats": {
                "points": 18.06,
                "points_ppr": 18.06,
                "points_half": 18.06,
                "pass_att": 44.77,
                "pass_cmp": 26.93,
                "pass_yds": 265.54,
                "pass_tds": 1.73,
                "pass_ints": 0.94,
                "pass_yds_300": 0,
                "pass_yds_400": 0,
                "rush_att": 5.46,
                "rush_yds": 13.52,
                "rush_tds": 0.08,
                "rush_yds_100": 0,
                "rush_yds_200": 0,
                "scrimage_yards_100": 0,
                "scrimage_yards_200": 0,
                "fumbles": 0.18,
                "ret_tds": 0,
                "2pt_tds": 0
            }
        },
        {
            "fpid": 17234,
            "mflid": 13595,
            "name": "Mason Rudolph",
            "position_id": "QB",
            "team_id": "TEN",
            "filename": "mason-rudolph.php",
            "stats": {
                "points": 18.03,
                "points_ppr": 18.03,
                "points_half": 18.03,
                "pass_att": 43.98,
                "pass_cmp": 27.11,
                "pass_yds": 281.02,
                "pass_tds": 1.67,
                "pass_ints": 1.2,
                "pass_yds_300": 0,
                "pass_yds_400": 0,
                "rush_att": 4.86,
                "rush_yds": 14.48,
                "rush_tds": 0.05,
                "rush_yds_100": 0,
                "rush_yds_200": 0,
                "scrimage_yards_100": 0,
                "scrimage_yards_200": 0,
                "fumbles": 0.21,
                "ret_tds": 0,
                "2pt_tds": 0
            }
        },
        {
            "fpid": 9907,
            "mflid": 10313,
            "name": "Andy Dalton",
            "position_id": "QB",
            "team_id": "CAR",
            "filename": "andy-dalton.php",
            "stats": {
                "points": 17.8,
                "points_ppr": 17.8,
                "points_half": 17.8,
                "pass_att": 45.53,
                "pass_cmp": 28.53,
                "pass_yds": 270.27,
                "pass_tds": 1.54,
                "pass_ints": 0.93,
                "pass_yds_300": 0,
                "pass_yds_400": 0,
                "rush_att": 4.72,
                "rush_yds": 16.6,
                "rush_tds": 0.06,
                "rush_yds_100": 0,
                "rush_yds_200": 0,
                "scrimage_yards_100": 0,
                "scrimage_yards_200": 0,
                "fumbles": 0.12,
                "ret_tds": 0,
                "2pt_tds": 0
            }
        },
        {
            "fpid": 11174,
            "mflid": 10697,
            "name": "Ryan Tannehill",
            "position_id": "QB",
            "team_id": "FA",
            "filename": "ryan-tannehill.php",
            "stats": {
                "points": 16.18,
                "points_ppr": 16.18,
                "points_half": 16.18,
                "pass_att": 0,
                "pass_cmp": 0,
                "pass_yds": 207,
                "pass_tds": 1,
                "pass_ints": 1,
                "pass_yds_300": 0,
                "pass_yds_400": 0,
                "rush_att": 0,
                "rush_yds": 49,
                "rush_tds": 0,
                "rush_yds_100": 0,
                "rush_yds_200": 0,
                "scrimage_yards_100": 0,
                "scrimage_yards_200": 0,
                "fumbles": 0,
                "ret_tds": 0,
                "2pt_tds": 0
            }
        },
        {
            "fpid": 19297,
            "mflid": 14789,
            "name": "Tyler Huntley",
            "position_id": "QB",
            "team_id": "BAL",
            "filename": "tyler-huntley.php",
            "stats": {
                "points": 13.48,
                "points_ppr": 13.48,
                "points_half": 13.48,
                "pass_att": 0,
                "pass_cmp": 0,
                "pass_yds": 202,
                "pass_tds": 1,
                "pass_ints": 1,
                "pass_yds_300": 0,
                "pass_yds_400": 0,
                "rush_att": 0,
                "rush_yds": 24,
                "rush_tds": 0,
                "rush_yds_100": 0,
                "rush_yds_200": 0,
                "scrimage_yards_100": 0,
                "scrimage_yards_200": 0,
                "fumbles": 0,
                "ret_tds": 0,
                "2pt_tds": 0
            }
        },
        {
            "fpid": 18446,
            "mflid": 14069,
            "name": "Easton Stick",
            "position_id": "QB",
            "team_id": "LAC",
            "filename": "easton-stick.php",
            "stats": {
                "points": 12.9,
                "points_ppr": 12.9,
                "points_half": 12.9,
                "pass_att": 0,
                "pass_cmp": 0,
                "pass_yds": 215,
                "pass_tds": 1,
                "pass_ints": 1,
                "pass_yds_300": 0,
                "pass_yds_400": 0,
                "rush_att": 0,
                "rush_yds": 13,
                "rush_tds": 0,
                "rush_yds_100": 0,
                "rush_yds_200": 0,
                "scrimage_yards_100": 0,
                "scrimage_yards_200": 0,
                "fumbles": 0,
                "ret_tds": 0,
                "2pt_tds": 0
            }
        },
        {
            "fpid": 22679,
            "mflid": 15239,
            "name": "Zach Wilson",
            "position_id": "QB",
            "team_id": "DEN",
            "filename": "zach-wilson.php",
            "stats": {
                "points": 12.7,
                "points_ppr": 12.7,
                "points_half": 12.7,
                "pass_att": 0,
                "pass_cmp": 0,
                "pass_yds": 200,
                "pass_tds": 1,
                "pass_ints": 1,
                "pass_yds_300": 0,
                "pass_yds_400": 0,
                "rush_att": 0,
                "rush_yds": 17,
                "rush_tds": 0,
                "rush_yds_100": 0,
                "rush_yds_200": 0,
                "scrimage_yards_100": 0,
                "scrimage_yards_200": 0,
                "fumbles": 0,
                "ret_tds": 0,
                "2pt_tds": 0
            }
        },
        {
            "fpid": 24073,
            "mflid": 16154,
            "name": "Jaren Hall",
            "position_id": "QB",
            "team_id": "SEA",
            "filename": "jaren-hall.php",
            "stats": {
                "points": 12.56,
                "points_ppr": 12.56,
                "points_half": 12.56,
                "pass_att": 0,
                "pass_cmp": 0,
                "pass_yds": 174,
                "pass_tds": 1,
                "pass_ints": 1,
                "pass_yds_300": 0,
                "pass_yds_400": 0,
                "rush_att": 0,
                "rush_yds": 26,
                "rush_tds": 0,
                "rush_yds_100": 0,
                "rush_yds_200": 0,
                "scrimage_yards_100": 0,
                "scrimage_yards_200": 0,
                "fumbles": 0,
                "ret_tds": 0,
                "2pt_tds": 0
            }
        },
        {
            "fpid": 25746,
            "mflid": 16441,
            "name": "Tommy DeVito",
            "position_id": "QB",
            "team_id": "NYG",
            "filename": "tommy-devito.php",
            "stats": {
                "points": 12.3,
                "points_ppr": 12.3,
                "points_half": 12.3,
                "pass_att": 0,
                "pass_cmp": 0,
                "pass_yds": 190,
                "pass_tds": 1,
                "pass_ints": 1,
                "pass_yds_300": 0,
                "pass_yds_400": 0,
                "rush_att": 0,
                "rush_yds": 17,
                "rush_tds": 0,
                "rush_yds_100": 0,
                "rush_yds_200": 0,
                "scrimage_yards_100": 0,
                "scrimage_yards_200": 0,
                "fumbles": 0,
                "ret_tds": 0,
                "2pt_tds": 0
            }
        },
        {
            "fpid": 20082,
            "mflid": 15240,
            "name": "Trey Lance",
            "position_id": "QB",
            "team_id": "DAL",
            "filename": "trey-lance.php",
            "stats": {
                "points": 11.93,
                "points_ppr": 11.93,
                "points_half": 11.93,
                "pass_att": 24,
                "pass_cmp": 15,
                "pass_yds": 177,
                "pass_tds": 1,
                "pass_ints": 1,
                "pass_yds_300": 0,
                "pass_yds_400": 0,
                "rush_att": 5,
                "rush_yds": 18.5,
                "rush_tds": 0,
                "rush_yds_100": 0,
                "rush_yds_200": 0,
                "scrimage_yards_100": 0,
                "scrimage_yards_200": 0,
                "fumbles": 0,
                "ret_tds": 0,
                "2pt_tds": 0
            }
        },
        {
            "fpid": 25226,
            "mflid": 16588,
            "name": "Michael Pratt",
            "position_id": "QB",
            "team_id": "TB",
            "filename": "michael-pratt.php",
            "stats": {
                "points": 11.8,
                "points_ppr": 11.8,
                "points_half": 11.8,
                "pass_att": 0,
                "pass_cmp": 0,
                "pass_yds": 190,
                "pass_tds": 1,
                "pass_ints": 1,
                "pass_yds_300": 0,
                "pass_yds_400": 0,
                "rush_att": 0,
                "rush_yds": 12,
                "rush_tds": 0,
                "rush_yds_100": 0,
                "rush_yds_200": 0,
                "scrimage_yards_100": 0,
                "scrimage_yards_200": 0,
                "fumbles": 0,
                "ret_tds": 0,
                "2pt_tds": 0
            }
        },
        {
            "fpid": 25377,
            "mflid": 16589,
            "name": "Jordan Travis",
            "position_id": "QB",
            "team_id": "NYJ",
            "filename": "jordan-travis.php",
            "stats": {
                "points": 11.52,
                "points_ppr": 11.52,
                "points_half": 11.52,
                "pass_att": 0,
                "pass_cmp": 0,
                "pass_yds": 188,
                "pass_tds": 1,
                "pass_ints": 1,
                "pass_yds_300": 0,
                "pass_yds_400": 0,
                "rush_att": 0,
                "rush_yds": 10,
                "rush_tds": 0,
                "rush_yds_100": 0,
                "rush_yds_200": 0,
                "scrimage_yards_100": 0,
                "scrimage_yards_200": 0,
                "fumbles": 0,
                "ret_tds": 0,
                "2pt_tds": 0
            }
        },
        {
            "fpid": 25967,
            "mflid": 16585,
            "name": "Joe Milton III",
            "position_id": "QB",
            "team_id": "NE",
            "filename": "joe-milton.php",
            "stats": {
                "points": 10.3,
                "points_ppr": 10.3,
                "points_half": 10.3,
                "pass_att": 0,
                "pass_cmp": 0,
                "pass_yds": 190,
                "pass_tds": 1,
                "pass_ints": 1,
                "pass_yds_300": 0,
                "pass_yds_400": 0,
                "rush_att": 0,
                "rush_yds": 17,
                "rush_tds": 0,
                "rush_yds_100": 0,
                "rush_yds_200": 0,
                "scrimage_yards_100": 0,
                "scrimage_yards_200": 0,
                "fumbles": 1,
                "ret_tds": 0,
                "2pt_tds": 0
            }
        },
        {
            "fpid": 17869,
            "mflid": 13879,
            "name": "Kyle Allen",
            "position_id": "QB",
            "team_id": "PIT",
            "filename": "kyle-allen.php",
            "stats": {
                "points": 9.96,
                "points_ppr": 9.96,
                "points_half": 9.96,
                "pass_att": 0,
                "pass_cmp": 0,
                "pass_yds": 149,
                "pass_tds": 1,
                "pass_ints": 1,
                "pass_yds_300": 0,
                "pass_yds_400": 0,
                "rush_att": 0,
                "rush_yds": 10,
                "rush_tds": 0,
                "rush_yds_100": 0,
                "rush_yds_200": 0,
                "scrimage_yards_100": 0,
                "scrimage_yards_200": 0,
                "fumbles": 0,
                "ret_tds": 0,
                "2pt_tds": 0
            }
        },
        {
            "fpid": 20073,
            "mflid": 16313,
            "name": "Sean Clifford",
            "position_id": "QB",
            "team_id": "GB",
            "filename": "sean-clifford.php",
            "stats": {
                "points": 9.96,
                "points_ppr": 9.96,
                "points_half": 9.96,
                "pass_att": 0,
                "pass_cmp": 0,
                "pass_yds": 154,
                "pass_tds": 1,
                "pass_ints": 1,
                "pass_yds_300": 0,
                "pass_yds_400": 0,
                "rush_att": 0,
                "rush_yds": 8,
                "rush_tds": 0,
                "rush_yds_100": 0,
                "rush_yds_200": 0,
                "scrimage_yards_100": 0,
                "scrimage_yards_200": 0,
                "fumbles": 0,
                "ret_tds": 0,
                "2pt_tds": 0
            }
        },
        {
            "fpid": 17447,
            "mflid": 13598,
            "name": "Mike White",
            "position_id": "QB",
            "team_id": "BUF",
            "filename": "mike-white.php",
            "stats": {
                "points": 9.9,
                "points_ppr": 9.9,
                "points_half": 9.9,
                "pass_att": 0,
                "pass_cmp": 0,
                "pass_yds": 155,
                "pass_tds": 1,
                "pass_ints": 1,
                "pass_yds_300": 0,
                "pass_yds_400": 0,
                "rush_att": 0,
                "rush_yds": 7,
                "rush_tds": 0,
                "rush_yds_100": 0,
                "rush_yds_200": 0,
                "scrimage_yards_100": 0,
                "scrimage_yards_200": 0,
                "fumbles": 0,
                "ret_tds": 0,
                "2pt_tds": 0
            }
        },
        {
            "fpid": 16419,
            "mflid": 13125,
            "name": "C.J. Beathard",
            "position_id": "QB",
            "team_id": "FA",
            "filename": "cj-beathard.php",
            "stats": {
                "points": 9.7,
                "points_ppr": 9.7,
                "points_half": 9.7,
                "pass_att": 0,
                "pass_cmp": 0,
                "pass_yds": 140,
                "pass_tds": 1,
                "pass_ints": 1,
                "pass_yds_300": 0,
                "pass_yds_400": 0,
                "rush_att": 0,
                "rush_yds": 11,
                "rush_tds": 0,
                "rush_yds_100": 0,
                "rush_yds_200": 0,
                "scrimage_yards_100": 0,
                "scrimage_yards_200": 0,
                "fumbles": 0,
                "ret_tds": 0,
                "2pt_tds": 0
            }
        },
        {
            "fpid": 24027,
            "mflid": 15696,
            "name": "Bailey Zappe",
            "position_id": "QB",
            "team_id": "KC",
            "filename": "bailey-zappe.php",
            "stats": {
                "points": 9.7,
                "points_ppr": 9.7,
                "points_half": 9.7,
                "pass_att": 0,
                "pass_cmp": 0,
                "pass_yds": 140,
                "pass_tds": 1,
                "pass_ints": 1,
                "pass_yds_300": 0,
                "pass_yds_400": 0,
                "rush_att": 0,
                "rush_yds": 11,
                "rush_tds": 0,
                "rush_yds_100": 0,
                "rush_yds_200": 0,
                "scrimage_yards_100": 0,
                "scrimage_yards_200": 0,
                "fumbles": 0,
                "ret_tds": 0,
                "2pt_tds": 0
            }
        },
        {
            "fpid": 24728,
            "mflid": 16156,
            "name": "Jake Haener",
            "position_id": "QB",
            "team_id": "NO",
            "filename": "jake-haener.php",
            "stats": {
                "points": 9.56,
                "points_ppr": 9.56,
                "points_half": 9.56,
                "pass_att": 17,
                "pass_cmp": 11,
                "pass_yds": 119,
                "pass_tds": 1,
                "pass_ints": 0,
                "pass_yds_300": 0,
                "pass_yds_400": 0,
                "rush_att": 2,
                "rush_yds": 8,
                "rush_tds": 0,
                "rush_yds_100": 0,
                "rush_yds_200": 0,
                "scrimage_yards_100": 0,
                "scrimage_yards_200": 0,
                "fumbles": 0,
                "ret_tds": 0,
                "2pt_tds": 0
            }
        },
        {
            "fpid": 23927,
            "mflid": 16153,
            "name": "Stetson Bennett",
            "position_id": "QB",
            "team_id": "LAR",
            "filename": "stetson-bennett.php",
            "stats": {
                "points": 8.98,
                "points_ppr": 8.98,
                "points_half": 8.98,
                "pass_att": 0,
                "pass_cmp": 0,
                "pass_yds": 92,
                "pass_tds": 1,
                "pass_ints": 0,
                "pass_yds_300": 0,
                "pass_yds_400": 0,
                "rush_att": 0,
                "rush_yds": 13,
                "rush_tds": 0,
                "rush_yds_100": 0,
                "rush_yds_200": 0,
                "scrimage_yards_100": 0,
                "scrimage_yards_200": 0,
                "fumbles": 0,
                "ret_tds": 0,
                "2pt_tds": 0
            }
        },
        {
            "fpid": 24340,
            "mflid": 16587,
            "name": "Sam Hartman",
            "position_id": "QB",
            "team_id": "WAS",
            "filename": "sam-hartman.php",
            "stats": {
                "points": 8.7,
                "points_ppr": 8.7,
                "points_half": 8.7,
                "pass_att": 0,
                "pass_cmp": 0,
                "pass_yds": 100,
                "pass_tds": 1,
                "pass_ints": 0,
                "pass_yds_300": 0,
                "pass_yds_400": 0,
                "rush_att": 0,
                "rush_yds": 7,
                "rush_tds": 0,
                "rush_yds_100": 0,
                "rush_yds_200": 0,
                "scrimage_yards_100": 0,
                "scrimage_yards_200": 0,
                "fumbles": 0,
                "ret_tds": 0,
                "2pt_tds": 0
            }
        },
        {
            "fpid": 20086,
            "mflid": 16158,
            "name": "Dorian Thompson-Robinson",
            "position_id": "QB",
            "team_id": "CLE",
            "filename": "dorian-thompson-robinson.php",
            "stats": {
                "points": 8.46,
                "points_ppr": 8.46,
                "points_half": 8.46,
                "pass_att": 25,
                "pass_cmp": 14,
                "pass_yds": 121.5,
                "pass_tds": 0.5,
                "pass_ints": 0.5,
                "pass_yds_300": 0,
                "pass_yds_400": 0,
                "rush_att": 5,
                "rush_yds": 21,
                "rush_tds": 0,
                "rush_yds_100": 0,
                "rush_yds_200": 0,
                "scrimage_yards_100": 0,
                "scrimage_yards_200": 0,
                "fumbles": 0,
                "ret_tds": 0,
                "2pt_tds": 0
            }
        },
        {
            "fpid": 24740,
            "mflid": 15702,
            "name": "Tanner McKee",
            "position_id": "QB",
            "team_id": "PHI",
            "filename": "tanner-mckee.php",
            "stats": {
                "points": 8,
                "points_ppr": 8,
                "points_half": 8,
                "pass_att": 0,
                "pass_cmp": 0,
                "pass_yds": 80,
                "pass_tds": 1,
                "pass_ints": 0,
                "pass_yds_300": 0,
                "pass_yds_400": 0,
                "rush_att": 0,
                "rush_yds": 8,
                "rush_tds": 0,
                "rush_yds_100": 0,
                "rush_yds_200": 0,
                "scrimage_yards_100": 0,
                "scrimage_yards_200": 0,
                "fumbles": 0,
                "ret_tds": 0,
                "2pt_tds": 0
            }
        },
        {
            "fpid": 19803,
            "mflid": 15250,
            "name": "Sam Ehlinger",
            "position_id": "QB",
            "team_id": "IND",
            "filename": "sam-ehlinger.php",
            "stats": {
                "points": 7.84,
                "points_ppr": 7.84,
                "points_half": 7.84,
                "pass_att": 0,
                "pass_cmp": 0,
                "pass_yds": 76,
                "pass_tds": 1,
                "pass_ints": 0,
                "pass_yds_300": 0,
                "pass_yds_400": 0,
                "rush_att": 0,
                "rush_yds": 8,
                "rush_tds": 0,
                "rush_yds_100": 0,
                "rush_yds_200": 0,
                "scrimage_yards_100": 0,
                "scrimage_yards_200": 0,
                "fumbles": 0,
                "ret_tds": 0,
                "2pt_tds": 0
            }
        },
        {
            "fpid": 24698,
            "mflid": 16591,
            "name": "Devin Leary",
            "position_id": "QB",
            "team_id": "BAL",
            "filename": "devin-leary.php",
            "stats": {
                "points": 2.6,
                "points_ppr": 2.6,
                "points_half": 2.6,
                "pass_att": 0,
                "pass_cmp": 0,
                "pass_yds": 65,
                "pass_tds": 0,
                "pass_ints": 0,
                "pass_yds_300": 0,
                "pass_yds_400": 0,
                "rush_att": 0,
                "rush_yds": 0,
                "rush_tds": 0,
                "rush_yds_100": 0,
                "rush_yds_200": 0,
                "scrimage_yards_100": 0,
                "scrimage_yards_200": 0,
                "fumbles": 0,
                "ret_tds": 0,
                "2pt_tds": 0
            }
        }
    ]
}