{
    "season": "2024",
    "week": "0",
    "count": "123",
    "positions": "TE",
    "scoring": "STD",
    "players": [
        {
            "fpid": 11594,
            "mflid": 11244,
            "name": "Travis Kelce",
            "position_id": "TE",
            "team_id": "KC",
            "filename": "travis-kelce.php",
            "stats": {
                "points": 140.27,
                "points_ppr": 229.13,
                "points_half": 184.7,
                "rec_rec": 88.86,
                "rec_yds": 959.77,
                "rec_tds": 7.49,
                "rec_yds_100": 0,
                "rec_yds_200": 0,
                "scrimage_yards_100": 0,
                "scrimage_yards_200": 0,
                "fumbles": 0.83,
                "ret_tds": 0,
                "2pt_tds": 0
            }
        },
        {
            "fpid": 22978,
            "mflid": 16214,
            "name": "Sam LaPorta",
            "position_id": "TE",
            "team_id": "DET",
            "filename": "sam-laporta.php",
            "stats": {
                "points": 134.58,
                "points_ppr": 220.9,
                "points_half": 177.74,
                "rec_rec": 86.32,
                "rec_yds": 891.26,
                "rec_tds": 7.72,
                "rec_yds_100": 0,
                "rec_yds_200": 0,
                "scrimage_yards_100": 0,
                "scrimage_yards_200": 0,
                "fumbles": 0.42,
                "ret_tds": 0,
                "2pt_tds": 0
            }
        },
        {
            "fpid": 17269,
            "mflid": 13671,
            "name": "Mark Andrews",
            "position_id": "TE",
            "team_id": "BAL",
            "filename": "mark-andrews.php",
            "stats": {
                "points": 133.33,
                "points_ppr": 205.23,
                "points_half": 169.28,
                "rec_rec": 71.9,
                "rec_yds": 869.66,
                "rec_tds": 7.9,
                "rec_yds_100": 0,
                "rec_yds_200": 0,
                "scrimage_yards_100": 0,
                "scrimage_yards_200": 0,
                "fumbles": 0.52,
                "ret_tds": 0,
                "2pt_tds": 0
            }
        },
        {
            "fpid": 16499,
            "mflid": 13299,
            "name": "George Kittle",
            "position_id": "TE",
            "team_id": "SF",
            "filename": "george-kittle.php",
            "stats": {
                "points": 123.28,
                "points_ppr": 188.5,
                "points_half": 155.89,
                "rec_rec": 65.22,
                "rec_yds": 881.29,
                "rec_tds": 5.96,
                "rec_yds_100": 0,
                "rec_yds_200": 0,
                "scrimage_yards_100": 0,
                "scrimage_yards_200": 0,
                "fumbles": 0.44,
                "ret_tds": 0,
                "2pt_tds": 0
            }
        },
        {
            "fpid": 22936,
            "mflid": 15794,
            "name": "Trey McBride",
            "position_id": "TE",
            "team_id": "ARI",
            "filename": "trey-mcbride.php",
            "stats": {
                "points": 117.3,
                "points_ppr": 203.36,
                "points_half": 160.33,
                "rec_rec": 86.06,
                "rec_yds": 879.9,
                "rec_tds": 5.07,
                "rec_yds_100": 0,
                "rec_yds_200": 0,
                "scrimage_yards_100": 0,
                "scrimage_yards_200": 0,
                "fumbles": 0.54,
                "ret_tds": 0,
                "2pt_tds": 0
            }
        },
        {
            "fpid": 20164,
            "mflid": 15329,
            "name": "Kyle Pitts",
            "position_id": "TE",
            "team_id": "ATL",
            "filename": "kyle-pitts.php",
            "stats": {
                "points": 117.3,
                "points_ppr": 185.16,
                "points_half": 151.23,
                "rec_rec": 67.87,
                "rec_yds": 871.06,
                "rec_tds": 5.16,
                "rec_yds_100": 0,
                "rec_yds_200": 0,
                "scrimage_yards_100": 0,
                "scrimage_yards_200": 0,
                "fumbles": 0.4,
                "ret_tds": 0,
                "2pt_tds": 0
            }
        },
        {
            "fpid": 25247,
            "mflid": 16213,
            "name": "Dalton Kincaid",
            "position_id": "TE",
            "team_id": "BUF",
            "filename": "dalton-kincaid.php",
            "stats": {
                "points": 112.97,
                "points_ppr": 195.25,
                "points_half": 154.11,
                "rec_rec": 82.28,
                "rec_yds": 822.11,
                "rec_tds": 5.4,
                "rec_yds_100": 0,
                "rec_yds_200": 0,
                "scrimage_yards_100": 0,
                "scrimage_yards_200": 0,
                "fumbles": 0.83,
                "ret_tds": 0,
                "2pt_tds": 0
            }
        },
        {
            "fpid": 22718,
            "mflid": 15799,
            "name": "Jake Ferguson",
            "position_id": "TE",
            "team_id": "DAL",
            "filename": "jake-ferguson.php",
            "stats": {
                "points": 108.05,
                "points_ppr": 178.74,
                "points_half": 143.4,
                "rec_rec": 70.69,
                "rec_yds": 736.53,
                "rec_tds": 5.87,
                "rec_yds_100": 0,
                "rec_yds_200": 0,
                "scrimage_yards_100": 0,
                "scrimage_yards_200": 0,
                "fumbles": 0.4,
                "ret_tds": 0,
                "2pt_tds": 0
            }
        },
        {
            "fpid": 16399,
            "mflid": 13192,
            "name": "David Njoku",
            "position_id": "TE",
            "team_id": "CLE",
            "filename": "david-njoku.php",
            "stats": {
                "points": 107.59,
                "points_ppr": 177.41,
                "points_half": 142.5,
                "rec_rec": 69.83,
                "rec_yds": 772.35,
                "rec_tds": 5.45,
                "rec_yds_100": 0,
                "rec_yds_200": 0,
                "scrimage_yards_100": 0,
                "scrimage_yards_200": 0,
                "fumbles": 1.17,
                "ret_tds": 0,
                "2pt_tds": 0
            }
        },
        {
            "fpid": 16411,
            "mflid": 13189,
            "name": "Evan Engram",
            "position_id": "TE",
            "team_id": "JAC",
            "filename": "evan-engram.php",
            "stats": {
                "points": 103.04,
                "points_ppr": 188.39,
                "points_half": 145.72,
                "rec_rec": 85.35,
                "rec_yds": 786.87,
                "rec_tds": 4.36,
                "rec_yds_100": 0,
                "rec_yds_200": 0,
                "scrimage_yards_100": 0,
                "scrimage_yards_200": 0,
                "fumbles": 0.91,
                "ret_tds": 0,
                "2pt_tds": 0
            }
        },
        {
            "fpid": 22955,
            "mflid": 16641,
            "name": "Brock Bowers",
            "position_id": "TE",
            "team_id": "LV",
            "filename": "brock-bowers.php",
            "stats": {
                "points": 95.1,
                "points_ppr": 158.02,
                "points_half": 126.56,
                "rec_rec": 62.92,
                "rec_yds": 696.11,
                "rec_tds": 4.62,
                "rec_yds_100": 0,
                "rec_yds_200": 0,
                "scrimage_yards_100": 0,
                "scrimage_yards_200": 0,
                "fumbles": 1.12,
                "ret_tds": 0,
                "2pt_tds": 0
            }
        },
        {
            "fpid": 17270,
            "mflid": 13674,
            "name": "Dallas Goedert",
            "position_id": "TE",
            "team_id": "PHI",
            "filename": "dallas-goedert.php",
            "stats": {
                "points": 92.18,
                "points_ppr": 157.64,
                "points_half": 124.91,
                "rec_rec": 65.46,
                "rec_yds": 689.91,
                "rec_tds": 4.02,
                "rec_yds_100": 0,
                "rec_yds_200": 0,
                "scrimage_yards_100": 0,
                "scrimage_yards_200": 0,
                "fumbles": 0.45,
                "ret_tds": 0,
                "2pt_tds": 0
            }
        },
        {
            "fpid": 17349,
            "mflid": 13772,
            "name": "Dalton Schultz",
            "position_id": "TE",
            "team_id": "HOU",
            "filename": "dalton-schultz.php",
            "stats": {
                "points": 88.44,
                "points_ppr": 145.36,
                "points_half": 116.9,
                "rec_rec": 56.93,
                "rec_yds": 607.78,
                "rec_tds": 4.87,
                "rec_yds_100": 0,
                "rec_yds_200": 0,
                "scrimage_yards_100": 0,
                "scrimage_yards_200": 0,
                "fumbles": 0.79,
                "ret_tds": 0,
                "2pt_tds": 0
            }
        },
        {
            "fpid": 17115,
            "mflid": 13424,
            "name": "Taysom Hill",
            "position_id": "TE",
            "team_id": "NO",
            "filename": "taysom-hill.php",
            "stats": {
                "points": 87.75,
                "points_ppr": 116.51,
                "points_half": 102.13,
                "rec_rec": 28.76,
                "rec_yds": 272.17,
                "rec_tds": 2.13,
                "rec_yds_100": 0,
                "rec_yds_200": 0,
                "scrimage_yards_100": 0,
                "scrimage_yards_200": 0,
                "fumbles": 0.35,
                "ret_tds": 0,
                "2pt_tds": 0
            }
        },
        {
            "fpid": 20163,
            "mflid": 15331,
            "name": "Pat Freiermuth",
            "position_id": "TE",
            "team_id": "PIT",
            "filename": "pat-freiermuth.php",
            "stats": {
                "points": 81.19,
                "points_ppr": 135.96,
                "points_half": 108.57,
                "rec_rec": 54.77,
                "rec_yds": 572.36,
                "rec_tds": 4.14,
                "rec_yds_100": 0,
                "rec_yds_200": 0,
                "scrimage_yards_100": 0,
                "scrimage_yards_200": 0,
                "fumbles": 0.46,
                "ret_tds": 0,
                "2pt_tds": 0
            }
        },
        {
            "fpid": 15561,
            "mflid": 12676,
            "name": "Hunter Henry",
            "position_id": "TE",
            "team_id": "NE",
            "filename": "hunter-henry.php",
            "stats": {
                "points": 75.51,
                "points_ppr": 123.86,
                "points_half": 99.68,
                "rec_rec": 48.34,
                "rec_yds": 501.26,
                "rec_tds": 4.26,
                "rec_yds_100": 0,
                "rec_yds_200": 0,
                "scrimage_yards_100": 0,
                "scrimage_yards_200": 0,
                "fumbles": 0.09,
                "ret_tds": 0,
                "2pt_tds": 0
            }
        },
        {
            "fpid": 19229,
            "mflid": 14867,
            "name": "Cole Kmet",
            "position_id": "TE",
            "team_id": "CHI",
            "filename": "cole-kmet.php",
            "stats": {
                "points": 74.59,
                "points_ppr": 125.48,
                "points_half": 100.03,
                "rec_rec": 50.88,
                "rec_yds": 503.36,
                "rec_tds": 4.19,
                "rec_yds_100": 0,
                "rec_yds_200": 0,
                "scrimage_yards_100": 0,
                "scrimage_yards_200": 0,
                "fumbles": 0.45,
                "ret_tds": 0,
                "2pt_tds": 0
            }
        },
        {
            "fpid": 18290,
            "mflid": 14138,
            "name": "T.J. Hockenson",
            "position_id": "TE",
            "team_id": "MIN",
            "filename": "tj-hockenson.php",
            "stats": {
                "points": 73.56,
                "points_ppr": 129.64,
                "points_half": 101.6,
                "rec_rec": 56.08,
                "rec_yds": 561.28,
                "rec_tds": 3.17,
                "rec_yds_100": 0,
                "rec_yds_200": 0,
                "scrimage_yards_100": 0,
                "scrimage_yards_200": 0,
                "fumbles": 0.78,
                "ret_tds": 0,
                "2pt_tds": 0
            }
        },
        {
            "fpid": 17598,
            "mflid": 13675,
            "name": "Tyler Conklin",
            "position_id": "TE",
            "team_id": "NYJ",
            "filename": "tyler-conklin.php",
            "stats": {
                "points": 73.06,
                "points_ppr": 126.37,
                "points_half": 99.72,
                "rec_rec": 53.31,
                "rec_yds": 532.51,
                "rec_tds": 3.34,
                "rec_yds_100": 0,
                "rec_yds_200": 0,
                "scrimage_yards_100": 0,
                "scrimage_yards_200": 0,
                "fumbles": 0.11,
                "ret_tds": 0,
                "2pt_tds": 0
            }
        },
        {
            "fpid": 23181,
            "mflid": 15802,
            "name": "Cade Otton",
            "position_id": "TE",
            "team_id": "TB",
            "filename": "cade-otton.php",
            "stats": {
                "points": 70.68,
                "points_ppr": 119.94,
                "points_half": 95.31,
                "rec_rec": 49.25,
                "rec_yds": 490.05,
                "rec_tds": 3.76,
                "rec_yds_100": 0,
                "rec_yds_200": 0,
                "scrimage_yards_100": 0,
                "scrimage_yards_200": 0,
                "fumbles": 0.43,
                "ret_tds": 0,
                "2pt_tds": 0
            }
        },
        {
            "fpid": 25282,
            "mflid": 16215,
            "name": "Luke Musgrave",
            "position_id": "TE",
            "team_id": "GB",
            "filename": "luke-musgrave.php",
            "stats": {
                "points": 70.39,
                "points_ppr": 117.9,
                "points_half": 94.15,
                "rec_rec": 47.5,
                "rec_yds": 499.44,
                "rec_tds": 3.44,
                "rec_yds_100": 0,
                "rec_yds_200": 0,
                "scrimage_yards_100": 0,
                "scrimage_yards_200": 0,
                "fumbles": 0.08,
                "ret_tds": 0,
                "2pt_tds": 0
            }
        },
        {
            "fpid": 19562,
            "mflid": 14861,
            "name": "Juwan Johnson",
            "position_id": "TE",
            "team_id": "NO",
            "filename": "juwan-johnson.php",
            "stats": {
                "points": 69.95,
                "points_ppr": 111.65,
                "points_half": 90.8,
                "rec_rec": 41.71,
                "rec_yds": 453.68,
                "rec_tds": 4.12,
                "rec_yds_100": 0,
                "rec_yds_200": 0,
                "scrimage_yards_100": 0,
                "scrimage_yards_200": 0,
                "fumbles": 0.08,
                "ret_tds": 0,
                "2pt_tds": 0
            }
        },
        {
            "fpid": 23781,
            "mflid": 15798,
            "name": "Isaiah Likely",
            "position_id": "TE",
            "team_id": "BAL",
            "filename": "isaiah-likely.php",
            "stats": {
                "points": 66.76,
                "points_ppr": 101.98,
                "points_half": 84.37,
                "rec_rec": 35.22,
                "rec_yds": 423.21,
                "rec_tds": 4.09,
                "rec_yds_100": 0,
                "rec_yds_200": 0,
                "scrimage_yards_100": 0,
                "scrimage_yards_200": 0,
                "fumbles": 0.06,
                "ret_tds": 0,
                "2pt_tds": 0
            }
        },
        {
            "fpid": 23982,
            "mflid": 15889,
            "name": "Chig Okonkwo",
            "position_id": "TE",
            "team_id": "TEN",
            "filename": "chigoziem-okonkwo.php",
            "stats": {
                "points": 66.75,
                "points_ppr": 115,
                "points_half": 90.88,
                "rec_rec": 48.25,
                "rec_yds": 513.46,
                "rec_tds": 2.67,
                "rec_yds_100": 0,
                "rec_yds_200": 0,
                "scrimage_yards_100": 0,
                "scrimage_yards_200": 0,
                "fumbles": 0.42,
                "ret_tds": 0,
                "2pt_tds": 0
            }
        },
        {
            "fpid": 17527,
            "mflid": 14137,
            "name": "Noah Fant",
            "position_id": "TE",
            "team_id": "SEA",
            "filename": "noah-fant.php",
            "stats": {
                "points": 65.27,
                "points_ppr": 111.14,
                "points_half": 88.2,
                "rec_rec": 45.88,
                "rec_yds": 488.55,
                "rec_tds": 2.76,
                "rec_yds_100": 0,
                "rec_yds_200": 0,
                "scrimage_yards_100": 0,
                "scrimage_yards_200": 0,
                "fumbles": 0.08,
                "ret_tds": 0,
                "2pt_tds": 0
            }
        },
        {
            "fpid": 16460,
            "mflid": 13193,
            "name": "Jonnu Smith",
            "position_id": "TE",
            "team_id": "MIA",
            "filename": "jonnu-smith.php",
            "stats": {
                "points": 58.1,
                "points_ppr": 95.93,
                "points_half": 77.01,
                "rec_rec": 37.83,
                "rec_yds": 417.07,
                "rec_tds": 2.87,
                "rec_yds_100": 0,
                "rec_yds_200": 0,
                "scrimage_yards_100": 0,
                "scrimage_yards_200": 0,
                "fumbles": 0.42,
                "ret_tds": 0,
                "2pt_tds": 0
            }
        },
        {
            "fpid": 17283,
            "mflid": 13680,
            "name": "Hayden Hurst",
            "position_id": "TE",
            "team_id": "LAC",
            "filename": "hayden-hurst.php",
            "stats": {
                "points": 56.04,
                "points_ppr": 96.64,
                "points_half": 76.34,
                "rec_rec": 40.59,
                "rec_yds": 390.9,
                "rec_tds": 2.86,
                "rec_yds_100": 0,
                "rec_yds_200": 0,
                "scrimage_yards_100": 0,
                "scrimage_yards_200": 0,
                "fumbles": 0.11,
                "ret_tds": 0,
                "2pt_tds": 0
            }
        },
        {
            "fpid": 17272,
            "mflid": 13672,
            "name": "Mike Gesicki",
            "position_id": "TE",
            "team_id": "CIN",
            "filename": "mike-gesicki.php",
            "stats": {
                "points": 53.73,
                "points_ppr": 89.58,
                "points_half": 71.65,
                "rec_rec": 35.85,
                "rec_yds": 351.97,
                "rec_tds": 3.11,
                "rec_yds_100": 0,
                "rec_yds_200": 0,
                "scrimage_yards_100": 0,
                "scrimage_yards_200": 0,
                "fumbles": 0.05,
                "ret_tds": 0,
                "2pt_tds": 0
            }
        },
        {
            "fpid": 11689,
            "mflid": 11247,
            "name": "Zach Ertz",
            "position_id": "TE",
            "team_id": "WAS",
            "filename": "zach-ertz.php",
            "stats": {
                "points": 51.46,
                "points_ppr": 89.9,
                "points_half": 70.68,
                "rec_rec": 38.44,
                "rec_yds": 353.65,
                "rec_tds": 2.7,
                "rec_yds_100": 0,
                "rec_yds_200": 0,
                "scrimage_yards_100": 0,
                "scrimage_yards_200": 0,
                "fumbles": 0.05,
                "ret_tds": 0,
                "2pt_tds": 0
            }
        },
        {
            "fpid": 26310,
            "mflid": 16644,
            "name": "Ben Sinnott",
            "position_id": "TE",
            "team_id": "WAS",
            "filename": "ben-sinnott.php",
            "stats": {
                "points": 49.5,
                "points_ppr": 84.96,
                "points_half": 67.23,
                "rec_rec": 35.46,
                "rec_yds": 360.96,
                "rec_tds": 2.37,
                "rec_yds_100": 0,
                "rec_yds_200": 0,
                "scrimage_yards_100": 0,
                "scrimage_yards_200": 0,
                "fumbles": 0.4,
                "ret_tds": 0,
                "2pt_tds": 0
            }
        },
        {
            "fpid": 18631,
            "mflid": 14143,
            "name": "Dawson Knox",
            "position_id": "TE",
            "team_id": "BUF",
            "filename": "dawson-knox.php",
            "stats": {
                "points": 49.31,
                "points_ppr": 77.58,
                "points_half": 63.44,
                "rec_rec": 28.27,
                "rec_yds": 297.46,
                "rec_tds": 3.28,
                "rec_yds_100": 0,
                "rec_yds_200": 0,
                "scrimage_yards_100": 0,
                "scrimage_yards_200": 0,
                "fumbles": 0.06,
                "ret_tds": 0,
                "2pt_tds": 0
            }
        },
        {
            "fpid": 25298,
            "mflid": 16222,
            "name": "Tucker Kraft",
            "position_id": "TE",
            "team_id": "GB",
            "filename": "tucker-kraft.php",
            "stats": {
                "points": 48.88,
                "points_ppr": 81.59,
                "points_half": 65.24,
                "rec_rec": 32.71,
                "rec_yds": 341.27,
                "rec_tds": 2.48,
                "rec_yds_100": 0,
                "rec_yds_200": 0,
                "scrimage_yards_100": 0,
                "scrimage_yards_200": 0,
                "fumbles": 0.07,
                "ret_tds": 0,
                "2pt_tds": 0
            }
        },
        {
            "fpid": 23153,
            "mflid": 15797,
            "name": "Greg Dulcich",
            "position_id": "TE",
            "team_id": "DEN",
            "filename": "greg-dulcich.php",
            "stats": {
                "points": 48.83,
                "points_ppr": 82.35,
                "points_half": 65.59,
                "rec_rec": 33.52,
                "rec_yds": 377,
                "rec_tds": 1.88,
                "rec_yds_100": 0,
                "rec_yds_200": 0,
                "scrimage_yards_100": 0,
                "scrimage_yards_200": 0,
                "fumbles": 0.06,
                "ret_tds": 0,
                "2pt_tds": 0
            }
        },
        {
            "fpid": 23104,
            "mflid": 16649,
            "name": "Theo Johnson",
            "position_id": "TE",
            "team_id": "NYG",
            "filename": "theo-johnson.php",
            "stats": {
                "points": 47.4,
                "points_ppr": 83.04,
                "points_half": 65.22,
                "rec_rec": 35.64,
                "rec_yds": 345.66,
                "rec_tds": 2.34,
                "rec_yds_100": 0,
                "rec_yds_200": 0,
                "scrimage_yards_100": 0,
                "scrimage_yards_200": 0,
                "fumbles": 0.62,
                "ret_tds": 0,
                "2pt_tds": 0
            }
        },
        {
            "fpid": 22841,
            "mflid": 15419,
            "name": "Kylen Granson",
            "position_id": "TE",
            "team_id": "IND",
            "filename": "kylen-granson.php",
            "stats": {
                "points": 45.76,
                "points_ppr": 76.79,
                "points_half": 61.27,
                "rec_rec": 31.03,
                "rec_yds": 333.62,
                "rec_tds": 2.09,
                "rec_yds_100": 0,
                "rec_yds_200": 0,
                "scrimage_yards_100": 0,
                "scrimage_yards_200": 0,
                "fumbles": 0.08,
                "ret_tds": 0,
                "2pt_tds": 0
            }
        },
        {
            "fpid": 16459,
            "mflid": 13236,
            "name": "Gerald Everett",
            "position_id": "TE",
            "team_id": "CHI",
            "filename": "gerald-everett.php",
            "stats": {
                "points": 45.37,
                "points_ppr": 77.9,
                "points_half": 61.64,
                "rec_rec": 32.53,
                "rec_yds": 301.96,
                "rec_tds": 2.57,
                "rec_yds_100": 0,
                "rec_yds_200": 0,
                "scrimage_yards_100": 0,
                "scrimage_yards_200": 0,
                "fumbles": 0.11,
                "ret_tds": 0,
                "2pt_tds": 0
            }
        },
        {
            "fpid": 15623,
            "mflid": 12678,
            "name": "Tyler Higbee",
            "position_id": "TE",
            "team_id": "LAR",
            "filename": "tyler-higbee.php",
            "stats": {
                "points": 44.46,
                "points_ppr": 76.26,
                "points_half": 60.36,
                "rec_rec": 31.8,
                "rec_yds": 323.91,
                "rec_tds": 2.03,
                "rec_yds_100": 0,
                "rec_yds_200": 0,
                "scrimage_yards_100": 0,
                "scrimage_yards_200": 0,
                "fumbles": 0.05,
                "ret_tds": 0,
                "2pt_tds": 0
            }
        },
        {
            "fpid": 24334,
            "mflid": 16643,
            "name": "Ja'Tavion Sanders",
            "position_id": "TE",
            "team_id": "CAR",
            "filename": "jatavion-sanders.php",
            "stats": {
                "points": 44.13,
                "points_ppr": 74,
                "points_half": 59.07,
                "rec_rec": 29.87,
                "rec_yds": 311,
                "rec_tds": 2.3,
                "rec_yds_100": 0,
                "rec_yds_200": 0,
                "scrimage_yards_100": 0,
                "scrimage_yards_200": 0,
                "fumbles": 0.38,
                "ret_tds": 0,
                "2pt_tds": 0
            }
        },
        {
            "fpid": 23056,
            "mflid": 16212,
            "name": "Michael Mayer",
            "position_id": "TE",
            "team_id": "LV",
            "filename": "michael-mayer.php",
            "stats": {
                "points": 43.08,
                "points_ppr": 72.11,
                "points_half": 57.6,
                "rec_rec": 29.04,
                "rec_yds": 312.98,
                "rec_tds": 1.98,
                "rec_yds_100": 0,
                "rec_yds_200": 0,
                "scrimage_yards_100": 0,
                "scrimage_yards_200": 0,
                "fumbles": 0.06,
                "ret_tds": 0,
                "2pt_tds": 0
            }
        },
        {
            "fpid": 19372,
            "mflid": 14871,
            "name": "Colby Parkinson",
            "position_id": "TE",
            "team_id": "LAR",
            "filename": "colby-parkinson.php",
            "stats": {
                "points": 42.83,
                "points_ppr": 70.66,
                "points_half": 56.74,
                "rec_rec": 27.82,
                "rec_yds": 293.61,
                "rec_tds": 2.26,
                "rec_yds_100": 0,
                "rec_yds_200": 0,
                "scrimage_yards_100": 0,
                "scrimage_yards_200": 0,
                "fumbles": 0.06,
                "ret_tds": 0,
                "2pt_tds": 0
            }
        },
        {
            "fpid": 22795,
            "mflid": 15332,
            "name": "Tommy Tremble",
            "position_id": "TE",
            "team_id": "CAR",
            "filename": "tommy-tremble.php",
            "stats": {
                "points": 40.82,
                "points_ppr": 68.36,
                "points_half": 54.59,
                "rec_rec": 27.54,
                "rec_yds": 261.64,
                "rec_tds": 2.46,
                "rec_yds_100": 0,
                "rec_yds_200": 0,
                "scrimage_yards_100": 0,
                "scrimage_yards_200": 0,
                "fumbles": 0.06,
                "ret_tds": 0,
                "2pt_tds": 0
            }
        },
        {
            "fpid": 24238,
            "mflid": 15873,
            "name": "Daniel Bellinger",
            "position_id": "TE",
            "team_id": "NYG",
            "filename": "daniel-bellinger.php",
            "stats": {
                "points": 40.28,
                "points_ppr": 71.67,
                "points_half": 55.97,
                "rec_rec": 31.39,
                "rec_yds": 297.49,
                "rec_tds": 1.77,
                "rec_yds_100": 0,
                "rec_yds_200": 0,
                "scrimage_yards_100": 0,
                "scrimage_yards_200": 0,
                "fumbles": 0.05,
                "ret_tds": 0,
                "2pt_tds": 0
            }
        },
        {
            "fpid": 19539,
            "mflid": 15337,
            "name": "Noah Gray",
            "position_id": "TE",
            "team_id": "KC",
            "filename": "noah-gray.php",
            "stats": {
                "points": 34.09,
                "points_ppr": 56.74,
                "points_half": 45.41,
                "rec_rec": 22.65,
                "rec_yds": 237.72,
                "rec_tds": 1.74,
                "rec_yds_100": 0,
                "rec_yds_200": 0,
                "scrimage_yards_100": 0,
                "scrimage_yards_200": 0,
                "fumbles": 0.05,
                "ret_tds": 0,
                "2pt_tds": 0
            }
        },
        {
            "fpid": 18049,
            "mflid": 13763,
            "name": "Will Dissly",
            "position_id": "TE",
            "team_id": "LAC",
            "filename": "will-dissly.php",
            "stats": {
                "points": 33.19,
                "points_ppr": 58.01,
                "points_half": 45.6,
                "rec_rec": 24.82,
                "rec_yds": 238.71,
                "rec_tds": 1.58,
                "rec_yds_100": 0,
                "rec_yds_200": 0,
                "scrimage_yards_100": 0,
                "scrimage_yards_200": 0,
                "fumbles": 0.07,
                "ret_tds": 0,
                "2pt_tds": 0
            }
        },
        {
            "fpid": 16579,
            "mflid": 13246,
            "name": "Mo Alie-Cox",
            "position_id": "TE",
            "team_id": "IND",
            "filename": "mo-alie-cox.php",
            "stats": {
                "points": 31.63,
                "points_ppr": 48.88,
                "points_half": 40.25,
                "rec_rec": 17.26,
                "rec_yds": 194.1,
                "rec_tds": 2.05,
                "rec_yds_100": 0,
                "rec_yds_200": 0,
                "scrimage_yards_100": 0,
                "scrimage_yards_200": 0,
                "fumbles": 0.03,
                "ret_tds": 0,
                "2pt_tds": 0
            }
        },
        {
            "fpid": 20162,
            "mflid": 15330,
            "name": "Brevin Jordan",
            "position_id": "TE",
            "team_id": "HOU",
            "filename": "brevin-jordan.php",
            "stats": {
                "points": 28.58,
                "points_ppr": 43.16,
                "points_half": 35.87,
                "rec_rec": 14.59,
                "rec_yds": 183.79,
                "rec_tds": 1.71,
                "rec_yds_100": 0,
                "rec_yds_200": 0,
                "scrimage_yards_100": 0,
                "scrimage_yards_200": 0,
                "fumbles": 0.02,
                "ret_tds": 0,
                "2pt_tds": 0
            }
        },
        {
            "fpid": 18487,
            "mflid": 14209,
            "name": "Josh Oliver",
            "position_id": "TE",
            "team_id": "MIN",
            "filename": "josh-oliver.php",
            "stats": {
                "points": 26.81,
                "points_ppr": 46.52,
                "points_half": 36.67,
                "rec_rec": 19.71,
                "rec_yds": 190.51,
                "rec_tds": 1.43,
                "rec_yds_100": 0,
                "rec_yds_200": 0,
                "scrimage_yards_100": 0,
                "scrimage_yards_200": 0,
                "fumbles": 0.39,
                "ret_tds": 0,
                "2pt_tds": 0
            }
        },
        {
            "fpid": 17508,
            "mflid": 13676,
            "name": "Durham Smythe",
            "position_id": "TE",
            "team_id": "MIA",
            "filename": "durham-smythe.php",
            "stats": {
                "points": 26.79,
                "points_ppr": 46.4,
                "points_half": 36.6,
                "rec_rec": 19.61,
                "rec_yds": 191.35,
                "rec_tds": 1.29,
                "rec_yds_100": 0,
                "rec_yds_200": 0,
                "scrimage_yards_100": 0,
                "scrimage_yards_200": 0,
                "fumbles": 0.03,
                "ret_tds": 0,
                "2pt_tds": 0
            }
        },
        {
            "fpid": 24747,
            "mflid": 16646,
            "name": "Jaheim Bell",
            "position_id": "TE",
            "team_id": "NE",
            "filename": "jaheim-bell.php",
            "stats": {
                "points": 26.2,
                "points_ppr": 42.7,
                "points_half": 34.45,
                "rec_rec": 16.5,
                "rec_yds": 172,
                "rec_tds": 1.5,
                "rec_yds_100": 0,
                "rec_yds_200": 0,
                "scrimage_yards_100": 0,
                "scrimage_yards_200": 0,
                "fumbles": 0,
                "ret_tds": 0,
                "2pt_tds": 0
            }
        },
        {
            "fpid": 23341,
            "mflid": 15626,
            "name": "Brock Wright",
            "position_id": "TE",
            "team_id": "DET",
            "filename": "brock-wright.php",
            "stats": {
                "points": 26.02,
                "points_ppr": 43.07,
                "points_half": 34.55,
                "rec_rec": 17.05,
                "rec_yds": 163.22,
                "rec_tds": 1.63,
                "rec_yds_100": 0,
                "rec_yds_200": 0,
                "scrimage_yards_100": 0,
                "scrimage_yards_200": 0,
                "fumbles": 0.05,
                "ret_tds": 0,
                "2pt_tds": 0
            }
        },
        {
            "fpid": 19423,
            "mflid": 14870,
            "name": "Adam Trautman",
            "position_id": "TE",
            "team_id": "DEN",
            "filename": "adam-trautman.php",
            "stats": {
                "points": 26.02,
                "points_ppr": 43.28,
                "points_half": 34.65,
                "rec_rec": 17.26,
                "rec_yds": 168.42,
                "rec_tds": 1.54,
                "rec_yds_100": 0,
                "rec_yds_200": 0,
                "scrimage_yards_100": 0,
                "scrimage_yards_200": 0,
                "fumbles": 0.04,
                "ret_tds": 0,
                "2pt_tds": 0
            }
        },
        {
            "fpid": 17826,
            "mflid": 14370,
            "name": "Tanner Hudson",
            "position_id": "TE",
            "team_id": "CIN",
            "filename": "tanner-hudson.php",
            "stats": {
                "points": 25.27,
                "points_ppr": 43.05,
                "points_half": 34.16,
                "rec_rec": 17.78,
                "rec_yds": 171.11,
                "rec_tds": 1.37,
                "rec_yds_100": 0,
                "rec_yds_200": 0,
                "scrimage_yards_100": 0,
                "scrimage_yards_200": 0,
                "fumbles": 0.02,
                "ret_tds": 0,
                "2pt_tds": 0
            }
        },
        {
            "fpid": 15581,
            "mflid": 12677,
            "name": "Austin Hooper",
            "position_id": "TE",
            "team_id": "NE",
            "filename": "austin-hooper.php",
            "stats": {
                "points": 23.92,
                "points_ppr": 43.34,
                "points_half": 33.63,
                "rec_rec": 19.42,
                "rec_yds": 184.41,
                "rec_tds": 0.93,
                "rec_yds_100": 0,
                "rec_yds_200": 0,
                "scrimage_yards_100": 0,
                "scrimage_yards_200": 0,
                "fumbles": 0.04,
                "ret_tds": 0,
                "2pt_tds": 0
            }
        },
        {
            "fpid": 23742,
            "mflid": 15796,
            "name": "Jeremy Ruckert",
            "position_id": "TE",
            "team_id": "NYJ",
            "filename": "jeremy-ruckert.php",
            "stats": {
                "points": 23.8,
                "points_ppr": 40.5,
                "points_half": 32.15,
                "rec_rec": 16.7,
                "rec_yds": 165.91,
                "rec_tds": 1.22,
                "rec_yds_100": 0,
                "rec_yds_200": 0,
                "scrimage_yards_100": 0,
                "scrimage_yards_200": 0,
                "fumbles": 0.05,
                "ret_tds": 0,
                "2pt_tds": 0
            }
        },
        {
            "fpid": 18835,
            "mflid": 14341,
            "name": "Donald Parham Jr.",
            "position_id": "TE",
            "team_id": "DEN",
            "filename": "donald-parham.php",
            "stats": {
                "points": 23.66,
                "points_ppr": 38.09,
                "points_half": 30.88,
                "rec_rec": 14.43,
                "rec_yds": 150.53,
                "rec_tds": 1.44,
                "rec_yds_100": 0,
                "rec_yds_200": 0,
                "scrimage_yards_100": 0,
                "scrimage_yards_200": 0,
                "fumbles": 0,
                "ret_tds": 0,
                "2pt_tds": 0
            }
        },
        {
            "fpid": 23119,
            "mflid": 16333,
            "name": "Elijah Higgins",
            "position_id": "TE",
            "team_id": "ARI",
            "filename": "elijah-higgins.php",
            "stats": {
                "points": 23.61,
                "points_ppr": 39.91,
                "points_half": 31.76,
                "rec_rec": 16.29,
                "rec_yds": 177.56,
                "rec_tds": 0.99,
                "rec_yds_100": 0,
                "rec_yds_200": 0,
                "scrimage_yards_100": 0,
                "scrimage_yards_200": 0,
                "fumbles": 0.03,
                "ret_tds": 0,
                "2pt_tds": 0
            }
        },
        {
            "fpid": 16743,
            "mflid": 13940,
            "name": "Johnny Mundt",
            "position_id": "TE",
            "team_id": "MIN",
            "filename": "johnny-mundt.php",
            "stats": {
                "points": 23.53,
                "points_ppr": 41.94,
                "points_half": 32.73,
                "rec_rec": 18.41,
                "rec_yds": 174.05,
                "rec_tds": 1.04,
                "rec_yds_100": 0,
                "rec_yds_200": 0,
                "scrimage_yards_100": 0,
                "scrimage_yards_200": 0,
                "fumbles": 0.05,
                "ret_tds": 0,
                "2pt_tds": 0
            }
        },
        {
            "fpid": 16502,
            "mflid": 13427,
            "name": "Robert Tonyan",
            "position_id": "TE",
            "team_id": "MIN",
            "filename": "robert-tonyan.php",
            "stats": {
                "points": 21.3,
                "points_ppr": 36.3,
                "points_half": 28.8,
                "rec_rec": 15,
                "rec_yds": 153,
                "rec_tds": 1,
                "rec_yds_100": 0,
                "rec_yds_200": 0,
                "scrimage_yards_100": 0,
                "scrimage_yards_200": 0,
                "fumbles": 0,
                "ret_tds": 0,
                "2pt_tds": 0
            }
        },
        {
            "fpid": 22967,
            "mflid": 16216,
            "name": "Darnell Washington",
            "position_id": "TE",
            "team_id": "PIT",
            "filename": "darnell-washington.php",
            "stats": {
                "points": 20.58,
                "points_ppr": 36.04,
                "points_half": 28.31,
                "rec_rec": 15.46,
                "rec_yds": 151.68,
                "rec_tds": 0.91,
                "rec_yds_100": 0,
                "rec_yds_200": 0,
                "scrimage_yards_100": 0,
                "scrimage_yards_200": 0,
                "fumbles": 0.03,
                "ret_tds": 0,
                "2pt_tds": 0
            }
        },
        {
            "fpid": 12095,
            "mflid": 11647,
            "name": "Logan Thomas",
            "position_id": "TE",
            "team_id": "FA",
            "filename": "logan-thomas.php",
            "stats": {
                "points": 20.3,
                "points_ppr": 34.3,
                "points_half": 27.3,
                "rec_rec": 14,
                "rec_yds": 143,
                "rec_tds": 1,
                "rec_yds_100": 0,
                "rec_yds_200": 0,
                "scrimage_yards_100": 0,
                "scrimage_yards_200": 0,
                "fumbles": 0,
                "ret_tds": 0,
                "2pt_tds": 0
            }
        },
        {
            "fpid": 25267,
            "mflid": 16221,
            "name": "Luke Schoonmaker",
            "position_id": "TE",
            "team_id": "DAL",
            "filename": "luke-schoonmaker.php",
            "stats": {
                "points": 20.02,
                "points_ppr": 32.4,
                "points_half": 26.21,
                "rec_rec": 12.39,
                "rec_yds": 123.83,
                "rec_tds": 1.29,
                "rec_yds_100": 0,
                "rec_yds_200": 0,
                "scrimage_yards_100": 0,
                "scrimage_yards_200": 0,
                "fumbles": 0.04,
                "ret_tds": 0,
                "2pt_tds": 0
            }
        },
        {
            "fpid": 19641,
            "mflid": 15026,
            "name": "Stephen Sullivan",
            "position_id": "TE",
            "team_id": "FA",
            "filename": "stephen-sullivan.php",
            "stats": {
                "points": 19.53,
                "points_ppr": 34.28,
                "points_half": 26.9,
                "rec_rec": 14.75,
                "rec_yds": 149.66,
                "rec_tds": 0.76,
                "rec_yds_100": 0,
                "rec_yds_200": 0,
                "scrimage_yards_100": 0,
                "scrimage_yards_200": 0,
                "fumbles": 0,
                "ret_tds": 0,
                "2pt_tds": 0
            }
        },
        {
            "fpid": 22923,
            "mflid": 16312,
            "name": "Josh Whyle",
            "position_id": "TE",
            "team_id": "TEN",
            "filename": "josh-whyle.php",
            "stats": {
                "points": 19.16,
                "points_ppr": 31.61,
                "points_half": 25.38,
                "rec_rec": 12.46,
                "rec_yds": 127.72,
                "rec_tds": 1.08,
                "rec_yds_100": 0,
                "rec_yds_200": 0,
                "scrimage_yards_100": 0,
                "scrimage_yards_200": 0,
                "fumbles": 0.03,
                "ret_tds": 0,
                "2pt_tds": 0
            }
        },
        {
            "fpid": 23761,
            "mflid": 16219,
            "name": "Davis Allen",
            "position_id": "TE",
            "team_id": "LAR",
            "filename": "davis-allen.php",
            "stats": {
                "points": 18.73,
                "points_ppr": 31.34,
                "points_half": 25.04,
                "rec_rec": 12.61,
                "rec_yds": 129.22,
                "rec_tds": 0.98,
                "rec_yds_100": 0,
                "rec_yds_200": 0,
                "scrimage_yards_100": 0,
                "scrimage_yards_200": 0,
                "fumbles": 0.03,
                "ret_tds": 0,
                "2pt_tds": 0
            }
        },
        {
            "fpid": 18397,
            "mflid": 14239,
            "name": "Foster Moreau",
            "position_id": "TE",
            "team_id": "NO",
            "filename": "foster-moreau.php",
            "stats": {
                "points": 18.56,
                "points_ppr": 30.16,
                "points_half": 24.36,
                "rec_rec": 11.6,
                "rec_yds": 128.53,
                "rec_tds": 0.97,
                "rec_yds_100": 0,
                "rec_yds_200": 0,
                "scrimage_yards_100": 0,
                "scrimage_yards_200": 0,
                "fumbles": 0.04,
                "ret_tds": 0,
                "2pt_tds": 0
            }
        },
        {
            "fpid": 17415,
            "mflid": 13753,
            "name": "Jordan Akins",
            "position_id": "TE",
            "team_id": "CLE",
            "filename": "jordan-akins.php",
            "stats": {
                "points": 18.5,
                "points_ppr": 31.05,
                "points_half": 24.77,
                "rec_rec": 12.55,
                "rec_yds": 124.68,
                "rec_tds": 1.03,
                "rec_yds_100": 0,
                "rec_yds_200": 0,
                "scrimage_yards_100": 0,
                "scrimage_yards_200": 0,
                "fumbles": 0.06,
                "ret_tds": 0,
                "2pt_tds": 0
            }
        },
        {
            "fpid": 26440,
            "mflid": 16796,
            "name": "Devin Culp",
            "position_id": "TE",
            "team_id": "TB",
            "filename": "devin-culp.php",
            "stats": {
                "points": 18.4,
                "points_ppr": 30.4,
                "points_half": 24.4,
                "rec_rec": 12,
                "rec_yds": 124,
                "rec_tds": 1,
                "rec_yds_100": 0,
                "rec_yds_200": 0,
                "scrimage_yards_100": 0,
                "scrimage_yards_200": 0,
                "fumbles": 0,
                "ret_tds": 0,
                "2pt_tds": 0
            }
        },
        {
            "fpid": 26352,
            "mflid": 16765,
            "name": "Tanner McLachlan",
            "position_id": "TE",
            "team_id": "CIN",
            "filename": "tanner-mclachlan.php",
            "stats": {
                "points": 18.25,
                "points_ppr": 30.25,
                "points_half": 24.25,
                "rec_rec": 12,
                "rec_yds": 122.5,
                "rec_tds": 1,
                "rec_yds_100": 0,
                "rec_yds_200": 0,
                "scrimage_yards_100": 0,
                "scrimage_yards_200": 0,
                "fumbles": 0,
                "ret_tds": 0,
                "2pt_tds": 0
            }
        },
        {
            "fpid": 16937,
            "mflid": 13994,
            "name": "Pharaoh Brown",
            "position_id": "TE",
            "team_id": "SEA",
            "filename": "pharaoh-brown.php",
            "stats": {
                "points": 17.97,
                "points_ppr": 29.47,
                "points_half": 23.72,
                "rec_rec": 11.5,
                "rec_yds": 126.42,
                "rec_tds": 0.9,
                "rec_yds_100": 0,
                "rec_yds_200": 0,
                "scrimage_yards_100": 0,
                "scrimage_yards_200": 0,
                "fumbles": 0.04,
                "ret_tds": 0,
                "2pt_tds": 0
            }
        },
        {
            "fpid": 23821,
            "mflid": 16220,
            "name": "Will Mallory",
            "position_id": "TE",
            "team_id": "IND",
            "filename": "will-mallory.php",
            "stats": {
                "points": 17.91,
                "points_ppr": 30.05,
                "points_half": 23.98,
                "rec_rec": 12.14,
                "rec_yds": 126.88,
                "rec_tds": 0.88,
                "rec_yds_100": 0,
                "rec_yds_200": 0,
                "scrimage_yards_100": 0,
                "scrimage_yards_200": 0,
                "fumbles": 0.03,
                "ret_tds": 0,
                "2pt_tds": 0
            }
        },
        {
            "fpid": 18610,
            "mflid": 14141,
            "name": "Irv Smith Jr.",
            "position_id": "TE",
            "team_id": "FA",
            "filename": "irv-smith-jr.php",
            "stats": {
                "points": 17.6,
                "points_ppr": 28.6,
                "points_half": 23.1,
                "rec_rec": 11,
                "rec_yds": 116,
                "rec_tds": 1,
                "rec_yds_100": 0,
                "rec_yds_200": 0,
                "scrimage_yards_100": 0,
                "scrimage_yards_200": 0,
                "fumbles": 0,
                "ret_tds": 0,
                "2pt_tds": 0
            }
        },
        {
            "fpid": 26335,
            "mflid": 16723,
            "name": "AJ Barner",
            "position_id": "TE",
            "team_id": "SEA",
            "filename": "aj-barner.php",
            "stats": {
                "points": 17.15,
                "points_ppr": 28.72,
                "points_half": 22.93,
                "rec_rec": 11.57,
                "rec_yds": 118.28,
                "rec_tds": 0.89,
                "rec_yds_100": 0,
                "rec_yds_200": 0,
                "scrimage_yards_100": 0,
                "scrimage_yards_200": 0,
                "fumbles": 0.02,
                "ret_tds": 0,
                "2pt_tds": 0
            }
        },
        {
            "fpid": 24621,
            "mflid": 16113,
            "name": "Stone Smartt",
            "position_id": "TE",
            "team_id": "LAC",
            "filename": "stone-smartt.php",
            "stats": {
                "points": 17.14,
                "points_ppr": 27.76,
                "points_half": 22.45,
                "rec_rec": 10.62,
                "rec_yds": 117.85,
                "rec_tds": 0.9,
                "rec_yds_100": 0,
                "rec_yds_200": 0,
                "scrimage_yards_100": 0,
                "scrimage_yards_200": 0,
                "fumbles": 0.03,
                "ret_tds": 0,
                "2pt_tds": 0
            }
        },
        {
            "fpid": 24562,
            "mflid": 15800,
            "name": "Connor Heyward",
            "position_id": "TE",
            "team_id": "PIT",
            "filename": "connor-heyward.php",
            "stats": {
                "points": 17.08,
                "points_ppr": 31.71,
                "points_half": 24.4,
                "rec_rec": 14.63,
                "rec_yds": 130.66,
                "rec_tds": 0.68,
                "rec_yds_100": 0,
                "rec_yds_200": 0,
                "scrimage_yards_100": 0,
                "scrimage_yards_200": 0,
                "fumbles": 0.04,
                "ret_tds": 0,
                "2pt_tds": 0
            }
        },
        {
            "fpid": 26343,
            "mflid": 16648,
            "name": "Jared Wiley",
            "position_id": "TE",
            "team_id": "KC",
            "filename": "jared-wiley.php",
            "stats": {
                "points": 16.78,
                "points_ppr": 27.81,
                "points_half": 22.3,
                "rec_rec": 11.03,
                "rec_yds": 112.55,
                "rec_tds": 0.93,
                "rec_yds_100": 0,
                "rec_yds_200": 0,
                "scrimage_yards_100": 0,
                "scrimage_yards_200": 0,
                "fumbles": 0.02,
                "ret_tds": 0,
                "2pt_tds": 0
            }
        },
        {
            "fpid": 24561,
            "mflid": 15916,
            "name": "Drew Ogletree",
            "position_id": "TE",
            "team_id": "IND",
            "filename": "andrew-ogletree.php",
            "stats": {
                "points": 16.42,
                "points_ppr": 25.94,
                "points_half": 21.18,
                "rec_rec": 9.52,
                "rec_yds": 114.55,
                "rec_tds": 0.84,
                "rec_yds_100": 0,
                "rec_yds_200": 0,
                "scrimage_yards_100": 0,
                "scrimage_yards_200": 0,
                "fumbles": 0.03,
                "ret_tds": 0,
                "2pt_tds": 0
            }
        },
        {
            "fpid": 17387,
            "mflid": 13678,
            "name": "Ian Thomas",
            "position_id": "TE",
            "team_id": "CAR",
            "filename": "ian-thomas.php",
            "stats": {
                "points": 16.32,
                "points_ppr": 29.05,
                "points_half": 22.68,
                "rec_rec": 12.73,
                "rec_yds": 129.54,
                "rec_tds": 0.57,
                "rec_yds_100": 0,
                "rec_yds_200": 0,
                "scrimage_yards_100": 0,
                "scrimage_yards_200": 0,
                "fumbles": 0.03,
                "ret_tds": 0,
                "2pt_tds": 0
            }
        },
        {
            "fpid": 25820,
            "mflid": 16447,
            "name": "Travis Vokolek",
            "position_id": "TE",
            "team_id": "ARI",
            "filename": "travis-vokolek.php",
            "stats": {
                "points": 16.2,
                "points_ppr": 27.2,
                "points_half": 21.7,
                "rec_rec": 11,
                "rec_yds": 102,
                "rec_tds": 1,
                "rec_yds_100": 0,
                "rec_yds_200": 0,
                "scrimage_yards_100": 0,
                "scrimage_yards_200": 0,
                "fumbles": 0,
                "ret_tds": 0,
                "2pt_tds": 0
            }
        },
        {
            "fpid": 23193,
            "mflid": 15541,
            "name": "Jack Stoll",
            "position_id": "TE",
            "team_id": "PHI",
            "filename": "jack-stoll.php",
            "stats": {
                "points": 15.5,
                "points_ppr": 24.5,
                "points_half": 20,
                "rec_rec": 9,
                "rec_yds": 95,
                "rec_tds": 1,
                "rec_yds_100": 0,
                "rec_yds_200": 0,
                "scrimage_yards_100": 0,
                "scrimage_yards_200": 0,
                "fumbles": 0,
                "ret_tds": 0,
                "2pt_tds": 0
            }
        },
        {
            "fpid": 25345,
            "mflid": 16269,
            "name": "Brenton Strange",
            "position_id": "TE",
            "team_id": "JAC",
            "filename": "brenton-strange.php",
            "stats": {
                "points": 15.23,
                "points_ppr": 24.94,
                "points_half": 20.08,
                "rec_rec": 9.71,
                "rec_yds": 92.06,
                "rec_tds": 1.01,
                "rec_yds_100": 0,
                "rec_yds_200": 0,
                "scrimage_yards_100": 0,
                "scrimage_yards_200": 0,
                "fumbles": 0.03,
                "ret_tds": 0,
                "2pt_tds": 0
            }
        },
        {
            "fpid": 25269,
            "mflid": 16642,
            "name": "Cade Stover",
            "position_id": "TE",
            "team_id": "HOU",
            "filename": "cade-stover.php",
            "stats": {
                "points": 15.18,
                "points_ppr": 25.13,
                "points_half": 20.16,
                "rec_rec": 9.95,
                "rec_yds": 105.84,
                "rec_tds": 0.77,
                "rec_yds_100": 0,
                "rec_yds_200": 0,
                "scrimage_yards_100": 0,
                "scrimage_yards_200": 0,
                "fumbles": 0.01,
                "ret_tds": 0,
                "2pt_tds": 0
            }
        },
        {
            "fpid": 23837,
            "mflid": 16645,
            "name": "Erick All Jr.",
            "position_id": "TE",
            "team_id": "CIN",
            "filename": "erick-all.php",
            "stats": {
                "points": 15.04,
                "points_ppr": 25.33,
                "points_half": 20.19,
                "rec_rec": 10.3,
                "rec_yds": 102.98,
                "rec_tds": 0.8,
                "rec_yds_100": 0,
                "rec_yds_200": 0,
                "scrimage_yards_100": 0,
                "scrimage_yards_200": 0,
                "fumbles": 0.03,
                "ret_tds": 0,
                "2pt_tds": 0
            }
        },
        {
            "fpid": 24331,
            "mflid": 16217,
            "name": "Cameron Latu",
            "position_id": "TE",
            "team_id": "CLE",
            "filename": "cameron-latu.php",
            "stats": {
                "points": 14.8,
                "points_ppr": 27.8,
                "points_half": 21.3,
                "rec_rec": 13,
                "rec_yds": 88,
                "rec_tds": 1,
                "rec_yds_100": 0,
                "rec_yds_200": 0,
                "scrimage_yards_100": 0,
                "scrimage_yards_200": 0,
                "fumbles": 0,
                "ret_tds": 0,
                "2pt_tds": 0
            }
        },
        {
            "fpid": 26432,
            "mflid": 16706,
            "name": "Tip Reiman",
            "position_id": "TE",
            "team_id": "ARI",
            "filename": "tip-reiman.php",
            "stats": {
                "points": 14.69,
                "points_ppr": 24.89,
                "points_half": 19.79,
                "rec_rec": 10.2,
                "rec_yds": 99.07,
                "rec_tds": 0.8,
                "rec_yds_100": 0,
                "rec_yds_200": 0,
                "scrimage_yards_100": 0,
                "scrimage_yards_200": 0,
                "fumbles": 0.02,
                "ret_tds": 0,
                "2pt_tds": 0
            }
        },
        {
            "fpid": 24240,
            "mflid": 15970,
            "name": "Lucas Krull",
            "position_id": "TE",
            "team_id": "DEN",
            "filename": "lucas-krull.php",
            "stats": {
                "points": 14.69,
                "points_ppr": 24.32,
                "points_half": 19.5,
                "rec_rec": 9.63,
                "rec_yds": 103.52,
                "rec_tds": 0.73,
                "rec_yds_100": 0,
                "rec_yds_200": 0,
                "scrimage_yards_100": 0,
                "scrimage_yards_200": 0,
                "fumbles": 0.02,
                "ret_tds": 0,
                "2pt_tds": 0
            }
        },
        {
            "fpid": 26439,
            "mflid": null,
            "name": "Messiah Swinson",
            "position_id": "TE",
            "team_id": "CAR",
            "filename": "messiah-swinson.php",
            "stats": {
                "points": 14.5,
                "points_ppr": 23.5,
                "points_half": 19,
                "rec_rec": 9,
                "rec_yds": 85,
                "rec_tds": 1,
                "rec_yds_100": 0,
                "rec_yds_200": 0,
                "scrimage_yards_100": 0,
                "scrimage_yards_200": 0,
                "fumbles": 0,
                "ret_tds": 0,
                "2pt_tds": 0
            }
        },
        {
            "fpid": 18246,
            "mflid": 14873,
            "name": "Albert Okwuegbunam Jr.",
            "position_id": "TE",
            "team_id": "PHI",
            "filename": "albert-okwuegbunam.php",
            "stats": {
                "points": 14.2,
                "points_ppr": 22.2,
                "points_half": 18.2,
                "rec_rec": 8,
                "rec_yds": 82,
                "rec_tds": 1,
                "rec_yds_100": 0,
                "rec_yds_200": 0,
                "scrimage_yards_100": 0,
                "scrimage_yards_200": 0,
                "fumbles": 0,
                "ret_tds": 0,
                "2pt_tds": 0
            }
        },
        {
            "fpid": 24732,
            "mflid": 16807,
            "name": "Dallin Holker",
            "position_id": "TE",
            "team_id": "NO",
            "filename": "dallin-holker.php",
            "stats": {
                "points": 14.1,
                "points_ppr": 23.37,
                "points_half": 18.74,
                "rec_rec": 9.27,
                "rec_yds": 95.41,
                "rec_tds": 0.76,
                "rec_yds_100": 0,
                "rec_yds_200": 0,
                "scrimage_yards_100": 0,
                "scrimage_yards_200": 0,
                "fumbles": 0.01,
                "ret_tds": 0,
                "2pt_tds": 0
            }
        },
        {
            "fpid": 25346,
            "mflid": 16218,
            "name": "Payne Durham",
            "position_id": "TE",
            "team_id": "TB",
            "filename": "payne-durham.php",
            "stats": {
                "points": 13.99,
                "points_ppr": 23.23,
                "points_half": 18.61,
                "rec_rec": 9.24,
                "rec_yds": 96.76,
                "rec_tds": 0.73,
                "rec_yds_100": 0,
                "rec_yds_200": 0,
                "scrimage_yards_100": 0,
                "scrimage_yards_200": 0,
                "fumbles": 0.02,
                "ret_tds": 0,
                "2pt_tds": 0
            }
        },
        {
            "fpid": 18561,
            "mflid": 14146,
            "name": "Drew Sample",
            "position_id": "TE",
            "team_id": "CIN",
            "filename": "drew-sample.php",
            "stats": {
                "points": 13.97,
                "points_ppr": 24.46,
                "points_half": 19.21,
                "rec_rec": 10.49,
                "rec_yds": 94.25,
                "rec_tds": 0.77,
                "rec_yds_100": 0,
                "rec_yds_200": 0,
                "scrimage_yards_100": 0,
                "scrimage_yards_200": 0,
                "fumbles": 0.03,
                "ret_tds": 0,
                "2pt_tds": 0
            }
        },
        {
            "fpid": 13964,
            "mflid": 12309,
            "name": "MyCole Pruitt",
            "position_id": "TE",
            "team_id": "PIT",
            "filename": "mycole-pruitt.php",
            "stats": {
                "points": 12.73,
                "points_ppr": 19.24,
                "points_half": 15.99,
                "rec_rec": 6.51,
                "rec_yds": 67.39,
                "rec_tds": 1.01,
                "rec_yds_100": 0,
                "rec_yds_200": 0,
                "scrimage_yards_100": 0,
                "scrimage_yards_200": 0,
                "fumbles": 0.03,
                "ret_tds": 0,
                "2pt_tds": 0
            }
        },
        {
            "fpid": 24180,
            "mflid": 15804,
            "name": "Grant Calcaterra",
            "position_id": "TE",
            "team_id": "PHI",
            "filename": "grant-calcaterra.php",
            "stats": {
                "points": 12.64,
                "points_ppr": 21.11,
                "points_half": 16.87,
                "rec_rec": 8.47,
                "rec_yds": 85.69,
                "rec_tds": 0.69,
                "rec_yds_100": 0,
                "rec_yds_200": 0,
                "scrimage_yards_100": 0,
                "scrimage_yards_200": 0,
                "fumbles": 0.04,
                "ret_tds": 0,
                "2pt_tds": 0
            }
        },
        {
            "fpid": 19501,
            "mflid": 15335,
            "name": "Luke Farrell",
            "position_id": "TE",
            "team_id": "JAC",
            "filename": "luke-farrell.php",
            "stats": {
                "points": 12.61,
                "points_ppr": 21.31,
                "points_half": 16.96,
                "rec_rec": 8.7,
                "rec_yds": 87.87,
                "rec_tds": 0.65,
                "rec_yds_100": 0,
                "rec_yds_200": 0,
                "scrimage_yards_100": 0,
                "scrimage_yards_200": 0,
                "fumbles": 0.04,
                "ret_tds": 0,
                "2pt_tds": 0
            }
        },
        {
            "fpid": 17886,
            "mflid": 13988,
            "name": "Ross Dwelley",
            "position_id": "TE",
            "team_id": "ATL",
            "filename": "ross-dwelley.php",
            "stats": {
                "points": 12.32,
                "points_ppr": 18.31,
                "points_half": 15.32,
                "rec_rec": 5.99,
                "rec_yds": 83.64,
                "rec_tds": 0.67,
                "rec_yds_100": 0,
                "rec_yds_200": 0,
                "scrimage_yards_100": 0,
                "scrimage_yards_200": 0,
                "fumbles": 0.02,
                "ret_tds": 0,
                "2pt_tds": 0
            }
        },
        {
            "fpid": 22820,
            "mflid": 15341,
            "name": "Quintin Morris",
            "position_id": "TE",
            "team_id": "BUF",
            "filename": "quintin-morris.php",
            "stats": {
                "points": 11.79,
                "points_ppr": 17.98,
                "points_half": 14.88,
                "rec_rec": 6.19,
                "rec_yds": 65.52,
                "rec_tds": 0.88,
                "rec_yds_100": 0,
                "rec_yds_200": 0,
                "scrimage_yards_100": 0,
                "scrimage_yards_200": 0,
                "fumbles": 0.01,
                "ret_tds": 0,
                "2pt_tds": 0
            }
        },
        {
            "fpid": 22971,
            "mflid": 16000,
            "name": "Peyton Hendershot",
            "position_id": "TE",
            "team_id": "KC",
            "filename": "peyton-hendershot.php",
            "stats": {
                "points": 11.6,
                "points_ppr": 19.34,
                "points_half": 15.47,
                "rec_rec": 7.75,
                "rec_yds": 77.25,
                "rec_tds": 0.65,
                "rec_yds_100": 0,
                "rec_yds_200": 0,
                "scrimage_yards_100": 0,
                "scrimage_yards_200": 0,
                "fumbles": 0.01,
                "ret_tds": 0,
                "2pt_tds": 0
            }
        },
        {
            "fpid": 19389,
            "mflid": 14875,
            "name": "Harrison Bryant",
            "position_id": "TE",
            "team_id": "LV",
            "filename": "harrison-bryant.php",
            "stats": {
                "points": 11.59,
                "points_ppr": 19.37,
                "points_half": 15.48,
                "rec_rec": 7.78,
                "rec_yds": 73.92,
                "rec_tds": 0.71,
                "rec_yds_100": 0,
                "rec_yds_200": 0,
                "scrimage_yards_100": 0,
                "scrimage_yards_200": 0,
                "fumbles": 0.02,
                "ret_tds": 0,
                "2pt_tds": 0
            }
        },
        {
            "fpid": 26437,
            "mflid": null,
            "name": "Brenden Bates",
            "position_id": "TE",
            "team_id": "NYJ",
            "filename": "brenden-bates.php",
            "stats": {
                "points": 11.01,
                "points_ppr": 18.41,
                "points_half": 14.71,
                "rec_rec": 7.4,
                "rec_yds": 71,
                "rec_tds": 0.66,
                "rec_yds_100": 0,
                "rec_yds_200": 0,
                "scrimage_yards_100": 0,
                "scrimage_yards_200": 0,
                "fumbles": 0.01,
                "ret_tds": 0,
                "2pt_tds": 0
            }
        },
        {
            "fpid": 22833,
            "mflid": 15344,
            "name": "John Bates",
            "position_id": "TE",
            "team_id": "WAS",
            "filename": "john-bates.php",
            "stats": {
                "points": 10.56,
                "points_ppr": 19.13,
                "points_half": 14.85,
                "rec_rec": 8.58,
                "rec_yds": 80.55,
                "rec_tds": 0.43,
                "rec_yds_100": 0,
                "rec_yds_200": 0,
                "scrimage_yards_100": 0,
                "scrimage_yards_200": 0,
                "fumbles": 0.02,
                "ret_tds": 0,
                "2pt_tds": 0
            }
        },
        {
            "fpid": 22783,
            "mflid": 15334,
            "name": "Hunter Long",
            "position_id": "TE",
            "team_id": "LAR",
            "filename": "hunter-long.php",
            "stats": {
                "points": 10.4,
                "points_ppr": 16.76,
                "points_half": 13.58,
                "rec_rec": 6.36,
                "rec_yds": 64.72,
                "rec_tds": 0.66,
                "rec_yds_100": 0,
                "rec_yds_200": 0,
                "scrimage_yards_100": 0,
                "scrimage_yards_200": 0,
                "fumbles": 0,
                "ret_tds": 0,
                "2pt_tds": 0
            }
        },
        {
            "fpid": 9413,
            "mflid": 8269,
            "name": "Marcedes Lewis",
            "position_id": "TE",
            "team_id": "CHI",
            "filename": "marcedes-lewis.php",
            "stats": {
                "points": 9.91,
                "points_ppr": 16.76,
                "points_half": 13.33,
                "rec_rec": 6.86,
                "rec_yds": 59.16,
                "rec_tds": 0.67,
                "rec_yds_100": 0,
                "rec_yds_200": 0,
                "scrimage_yards_100": 0,
                "scrimage_yards_200": 0,
                "fumbles": 0.02,
                "ret_tds": 0,
                "2pt_tds": 0
            }
        },
        {
            "fpid": 25349,
            "mflid": 16483,
            "name": "Ben Sims",
            "position_id": "TE",
            "team_id": "GB",
            "filename": "ben-sims.php",
            "stats": {
                "points": 9.89,
                "points_ppr": 15.46,
                "points_half": 12.68,
                "rec_rec": 5.57,
                "rec_yds": 49.52,
                "rec_tds": 0.83,
                "rec_yds_100": 0,
                "rec_yds_200": 0,
                "scrimage_yards_100": 0,
                "scrimage_yards_200": 0,
                "fumbles": 0.01,
                "ret_tds": 0,
                "2pt_tds": 0
            }
        },
        {
            "fpid": 22756,
            "mflid": 15795,
            "name": "Charlie Kolar",
            "position_id": "TE",
            "team_id": "BAL",
            "filename": "charlie-kolar.php",
            "stats": {
                "points": 8.85,
                "points_ppr": 14.68,
                "points_half": 11.77,
                "rec_rec": 5.83,
                "rec_yds": 63.49,
                "rec_tds": 0.42,
                "rec_yds_100": 0,
                "rec_yds_200": 0,
                "scrimage_yards_100": 0,
                "scrimage_yards_200": 0,
                "fumbles": 0,
                "ret_tds": 0,
                "2pt_tds": 0
            }
        },
        {
            "fpid": 24568,
            "mflid": 15929,
            "name": "Ko Kieft",
            "position_id": "TE",
            "team_id": "TB",
            "filename": "ko-kieft.php",
            "stats": {
                "points": 8.38,
                "points_ppr": 13.15,
                "points_half": 10.76,
                "rec_rec": 4.77,
                "rec_yds": 46.1,
                "rec_tds": 0.64,
                "rec_yds_100": 0,
                "rec_yds_200": 0,
                "scrimage_yards_100": 0,
                "scrimage_yards_200": 0,
                "fumbles": 0.03,
                "ret_tds": 0,
                "2pt_tds": 0
            }
        },
        {
            "fpid": 25731,
            "mflid": 16496,
            "name": "Brady Russell",
            "position_id": "TE",
            "team_id": "SEA",
            "filename": "brady-russell.php",
            "stats": {
                "points": 8.36,
                "points_ppr": 13.35,
                "points_half": 10.85,
                "rec_rec": 4.99,
                "rec_yds": 48.48,
                "rec_tds": 0.59,
                "rec_yds_100": 0,
                "rec_yds_200": 0,
                "scrimage_yards_100": 0,
                "scrimage_yards_200": 0,
                "fumbles": 0,
                "ret_tds": 0,
                "2pt_tds": 0
            }
        },
        {
            "fpid": 25881,
            "mflid": 16474,
            "name": "Nate Adkins",
            "position_id": "TE",
            "team_id": "DEN",
            "filename": "nate-adkins.php",
            "stats": {
                "points": 8.24,
                "points_ppr": 13.61,
                "points_half": 10.93,
                "rec_rec": 5.37,
                "rec_yds": 47.64,
                "rec_tds": 0.58,
                "rec_yds_100": 0,
                "rec_yds_200": 0,
                "scrimage_yards_100": 0,
                "scrimage_yards_200": 0,
                "fumbles": 0,
                "ret_tds": 0,
                "2pt_tds": 0
            }
        },
        {
            "fpid": 19665,
            "mflid": 14984,
            "name": "Charlie Woerner",
            "position_id": "TE",
            "team_id": "ATL",
            "filename": "charlie-woerner.php",
            "stats": {
                "points": 8.19,
                "points_ppr": 16.26,
                "points_half": 12.23,
                "rec_rec": 8.07,
                "rec_yds": 62.42,
                "rec_tds": 0.33,
                "rec_yds_100": 0,
                "rec_yds_200": 0,
                "scrimage_yards_100": 0,
                "scrimage_yards_200": 0,
                "fumbles": 0.03,
                "ret_tds": 0,
                "2pt_tds": 0
            }
        },
        {
            "fpid": 25824,
            "mflid": 16425,
            "name": "Julian Hill",
            "position_id": "TE",
            "team_id": "MIA",
            "filename": "julian-hill.php",
            "stats": {
                "points": 8.02,
                "points_ppr": 14.79,
                "points_half": 11.41,
                "rec_rec": 6.77,
                "rec_yds": 63.93,
                "rec_tds": 0.61,
                "rec_yds_100": 0,
                "rec_yds_200": 0,
                "scrimage_yards_100": 0,
                "scrimage_yards_200": 0,
                "fumbles": 1,
                "ret_tds": 0,
                "2pt_tds": 0
            }
        },
        {
            "fpid": 16706,
            "mflid": 13315,
            "name": "Eric Saubert",
            "position_id": "TE",
            "team_id": "SF",
            "filename": "eric-saubert.php",
            "stats": {
                "points": 7.45,
                "points_ppr": 14.31,
                "points_half": 10.88,
                "rec_rec": 6.87,
                "rec_yds": 57.18,
                "rec_tds": 0.3,
                "rec_yds_100": 0,
                "rec_yds_200": 0,
                "scrimage_yards_100": 0,
                "scrimage_yards_200": 0,
                "fumbles": 0.02,
                "ret_tds": 0,
                "2pt_tds": 0
            }
        },
        {
            "fpid": 16787,
            "mflid": 13919,
            "name": "Anthony Firkser",
            "position_id": "TE",
            "team_id": "NYJ",
            "filename": "anthony-firkser.php",
            "stats": {
                "points": 6,
                "points_ppr": 10.4,
                "points_half": 8.2,
                "rec_rec": 4.4,
                "rec_yds": 41.44,
                "rec_tds": 0.31,
                "rec_yds_100": 0,
                "rec_yds_200": 0,
                "scrimage_yards_100": 0,
                "scrimage_yards_200": 0,
                "fumbles": 0,
                "ret_tds": 0,
                "2pt_tds": 0
            }
        },
        {
            "fpid": 14084,
            "mflid": 12317,
            "name": "C.J. Uzomah",
            "position_id": "TE",
            "team_id": "FA",
            "filename": "cj-uzomah.php",
            "stats": {
                "points": 5.8,
                "points_ppr": 11.8,
                "points_half": 8.8,
                "rec_rec": 6,
                "rec_yds": 58,
                "rec_tds": 0,
                "rec_yds_100": 0,
                "rec_yds_200": 0,
                "scrimage_yards_100": 0,
                "scrimage_yards_200": 0,
                "fumbles": 0,
                "ret_tds": 0,
                "2pt_tds": 0
            }
        },
        {
            "fpid": 19067,
            "mflid": 15564,
            "name": "Parker Hesse",
            "position_id": "TE",
            "team_id": "DET",
            "filename": "parker-hesse.php",
            "stats": {
                "points": 5.2,
                "points_ppr": 8.93,
                "points_half": 7.06,
                "rec_rec": 3.73,
                "rec_yds": 36.78,
                "rec_tds": 0.26,
                "rec_yds_100": 0,
                "rec_yds_200": 0,
                "scrimage_yards_100": 0,
                "scrimage_yards_200": 0,
                "fumbles": 0.02,
                "ret_tds": 0,
                "2pt_tds": 0
            }
        },
        {
            "fpid": 19456,
            "mflid": 14876,
            "name": "Josiah Deguara",
            "position_id": "TE",
            "team_id": "JAC",
            "filename": "josiah-deguara.php",
            "stats": {
                "points": 5.1,
                "points_ppr": 10.1,
                "points_half": 7.6,
                "rec_rec": 5,
                "rec_yds": 51,
                "rec_tds": 0,
                "rec_yds_100": 0,
                "rec_yds_200": 0,
                "scrimage_yards_100": 0,
                "scrimage_yards_200": 0,
                "fumbles": 0,
                "ret_tds": 0,
                "2pt_tds": 0
            }
        },
        {
            "fpid": 24239,
            "mflid": 15937,
            "name": "Nick Muse",
            "position_id": "TE",
            "team_id": "MIN",
            "filename": "nick-muse.php",
            "stats": {
                "points": 5.04,
                "points_ppr": 8.78,
                "points_half": 6.91,
                "rec_rec": 3.74,
                "rec_yds": 35.75,
                "rec_tds": 0.26,
                "rec_yds_100": 0,
                "rec_yds_200": 0,
                "scrimage_yards_100": 0,
                "scrimage_yards_200": 0,
                "fumbles": 0.03,
                "ret_tds": 0,
                "2pt_tds": 0
            }
        },
        {
            "fpid": 14014,
            "mflid": 12955,
            "name": "Chris Manhertz",
            "position_id": "TE",
            "team_id": "NYG",
            "filename": "chris-manhertz.php",
            "stats": {
                "points": 5.04,
                "points_ppr": 10.49,
                "points_half": 7.76,
                "rec_rec": 5.45,
                "rec_yds": 46.81,
                "rec_tds": 0.06,
                "rec_yds_100": 0,
                "rec_yds_200": 0,
                "scrimage_yards_100": 0,
                "scrimage_yards_200": 0,
                "fumbles": 0,
                "ret_tds": 0,
                "2pt_tds": 0
            }
        },
        {
            "fpid": 22815,
            "mflid": 15339,
            "name": "Kenny Yeboah",
            "position_id": "TE",
            "team_id": "NYJ",
            "filename": "kenny-yeboah.php",
            "stats": {
                "points": 4.18,
                "points_ppr": 7.12,
                "points_half": 5.65,
                "rec_rec": 2.94,
                "rec_yds": 28.55,
                "rec_tds": 0.22,
                "rec_yds_100": 0,
                "rec_yds_200": 0,
                "scrimage_yards_100": 0,
                "scrimage_yards_200": 0,
                "fumbles": 0,
                "ret_tds": 0,
                "2pt_tds": 0
            }
        },
        {
            "fpid": 24182,
            "mflid": 15905,
            "name": "Teagan Quitoriano",
            "position_id": "TE",
            "team_id": "FA",
            "filename": "teagan-quitoriano.php",
            "stats": {
                "points": 3.25,
                "points_ppr": 5.28,
                "points_half": 4.27,
                "rec_rec": 2.03,
                "rec_yds": 22.34,
                "rec_tds": 0.17,
                "rec_yds_100": 0,
                "rec_yds_200": 0,
                "scrimage_yards_100": 0,
                "scrimage_yards_200": 0,
                "fumbles": 0,
                "ret_tds": 0,
                "2pt_tds": 0
            }
        },
        {
            "fpid": 22807,
            "mflid": 15333,
            "name": "Tre' McKitty",
            "position_id": "TE",
            "team_id": "FA",
            "filename": "tre-mckitty.php",
            "stats": {
                "points": 3.06,
                "points_ppr": 5.12,
                "points_half": 4.09,
                "rec_rec": 2.06,
                "rec_yds": 20.43,
                "rec_tds": 0.17,
                "rec_yds_100": 0,
                "rec_yds_200": 0,
                "scrimage_yards_100": 0,
                "scrimage_yards_200": 0,
                "fumbles": 0,
                "ret_tds": 0,
                "2pt_tds": 0
            }
        },
        {
            "fpid": 18757,
            "mflid": 14488,
            "name": "Stephen Carlson",
            "position_id": "TE",
            "team_id": "CHI",
            "filename": "stephen-carlson.php",
            "stats": {
                "points": 2.95,
                "points_ppr": 4.93,
                "points_half": 3.94,
                "rec_rec": 1.98,
                "rec_yds": 19.32,
                "rec_tds": 0.17,
                "rec_yds_100": 0,
                "rec_yds_200": 0,
                "scrimage_yards_100": 0,
                "scrimage_yards_200": 0,
                "fumbles": 0,
                "ret_tds": 0,
                "2pt_tds": 0
            }
        },
        {
            "fpid": 19893,
            "mflid": 15544,
            "name": "Tommy Hudson",
            "position_id": "TE",
            "team_id": "NO",
            "filename": "tommy-hudson.php",
            "stats": {
                "points": 2.95,
                "points_ppr": 4.96,
                "points_half": 3.95,
                "rec_rec": 2.01,
                "rec_yds": 19.27,
                "rec_tds": 0.17,
                "rec_yds_100": 0,
                "rec_yds_200": 0,
                "scrimage_yards_100": 0,
                "scrimage_yards_200": 0,
                "fumbles": 0,
                "ret_tds": 0,
                "2pt_tds": 0
            }
        },
        {
            "fpid": 24778,
            "mflid": 16036,
            "name": "Jake Tonges",
            "position_id": "TE",
            "team_id": "SF",
            "filename": "jake-tonges.php",
            "stats": {
                "points": 2.75,
                "points_ppr": 4.58,
                "points_half": 3.67,
                "rec_rec": 1.83,
                "rec_yds": 17.33,
                "rec_tds": 0.17,
                "rec_yds_100": 0,
                "rec_yds_200": 0,
                "scrimage_yards_100": 0,
                "scrimage_yards_200": 0,
                "fumbles": 0,
                "ret_tds": 0,
                "2pt_tds": 0
            }
        },
        {
            "fpid": 19510,
            "mflid": 15563,
            "name": "Mitchell Wilcox",
            "position_id": "TE",
            "team_id": "NE",
            "filename": "mitchell-wilcox.php",
            "stats": {
                "points": 2.69,
                "points_ppr": 6.12,
                "points_half": 4.4,
                "rec_rec": 3.43,
                "rec_yds": 24.49,
                "rec_tds": 0.04,
                "rec_yds_100": 0,
                "rec_yds_200": 0,
                "scrimage_yards_100": 0,
                "scrimage_yards_200": 0,
                "fumbles": 0,
                "ret_tds": 0,
                "2pt_tds": 0
            }
        },
        {
            "fpid": 18690,
            "mflid": 14240,
            "name": "Zach Gentry",
            "position_id": "TE",
            "team_id": "FA",
            "filename": "zach-gentry.php",
            "stats": {
                "points": 2.62,
                "points_ppr": 4.36,
                "points_half": 3.49,
                "rec_rec": 1.74,
                "rec_yds": 15.95,
                "rec_tds": 0.17,
                "rec_yds_100": 0,
                "rec_yds_200": 0,
                "scrimage_yards_100": 0,
                "scrimage_yards_200": 0,
                "fumbles": 0,
                "ret_tds": 0,
                "2pt_tds": 0
            }
        }
    ]
}