{
    "season": "2024",
    "week": "0",
    "count": "32",
    "positions": "DST",
    "scoring": "STD",
    "players": [
        {
            "fpid": 8080,
            "mflid": 516,
            "name": "Dallas Cowboys",
            "position_id": "DST",
            "team_id": "DAL",
            "filename": "dallas-defense.php",
            "stats": {
                "points": 118.8,
                "points_ppr": 118.8,
                "points_half": 118.8,
                "def_sack": 50.04,
                "def_int": 14.17,
                "def_td": 3.09,
                "def_pa_a": 0,
                "def_pa_b": 0,
                "def_pa_c": 0,
                "def_pa_d": 0,
                "def_pa_e": 0,
                "def_pa_f": 0,
                "def_pa_g": 0,
                "def_safety": 0,
                "def_ff": 16.62,
                "def_fr": 10.93,
                "def_retd": 0.5
            }
        },
        {
            "fpid": 8020,
            "mflid": 531,
            "name": "Baltimore Ravens",
            "position_id": "DST",
            "team_id": "BAL",
            "filename": "baltimore-defense.php",
            "stats": {
                "points": 117.12,
                "points_ppr": 117.12,
                "points_half": 117.12,
                "def_sack": 50.92,
                "def_int": 14.17,
                "def_td": 2.65,
                "def_pa_a": 0,
                "def_pa_b": 0,
                "def_pa_c": 0,
                "def_pa_d": 0,
                "def_pa_e": 0,
                "def_pa_f": 0,
                "def_pa_g": 0,
                "def_safety": 0,
                "def_ff": 16.5,
                "def_fr": 10.97,
                "def_retd": 1
            }
        },
        {
            "fpid": 8210,
            "mflid": 505,
            "name": "New York Jets",
            "position_id": "DST",
            "team_id": "NYJ",
            "filename": "new-york-jets-defense.php",
            "stats": {
                "points": 114.69,
                "points_ppr": 114.69,
                "points_half": 114.69,
                "def_sack": 47.81,
                "def_int": 14.51,
                "def_td": 2.79,
                "def_pa_a": 0,
                "def_pa_b": 0,
                "def_pa_c": 0,
                "def_pa_d": 0,
                "def_pa_e": 0,
                "def_pa_f": 0,
                "def_pa_g": 0,
                "def_safety": 1,
                "def_ff": 15.46,
                "def_fr": 9.55,
                "def_retd": 0.5
            }
        },
        {
            "fpid": 8230,
            "mflid": 518,
            "name": "Philadelphia Eagles",
            "position_id": "DST",
            "team_id": "PHI",
            "filename": "philadelphia-defense.php",
            "stats": {
                "points": 112.34,
                "points_ppr": 112.34,
                "points_half": 112.34,
                "def_sack": 50.85,
                "def_int": 13.07,
                "def_td": 2.47,
                "def_pa_a": 0,
                "def_pa_b": 0,
                "def_pa_c": 0,
                "def_pa_d": 0,
                "def_pa_e": 0,
                "def_pa_f": 0,
                "def_pa_g": 0,
                "def_safety": 0,
                "def_ff": 15.15,
                "def_fr": 10.27,
                "def_retd": 0
            }
        },
        {
            "fpid": 8120,
            "mflid": 532,
            "name": "Houston Texans",
            "position_id": "DST",
            "team_id": "HOU",
            "filename": "houston-defense.php",
            "stats": {
                "points": 112.19,
                "points_ppr": 112.19,
                "points_half": 112.19,
                "def_sack": 49.05,
                "def_int": 13.33,
                "def_td": 2.35,
                "def_pa_a": 0,
                "def_pa_b": 0,
                "def_pa_c": 0,
                "def_pa_d": 0,
                "def_pa_e": 0,
                "def_pa_f": 0,
                "def_pa_g": 0,
                "def_safety": 0.5,
                "def_ff": 15.46,
                "def_fr": 10.7,
                "def_retd": 0.5
            }
        },
        {
            "fpid": 8150,
            "mflid": 512,
            "name": "Kansas City Chiefs",
            "position_id": "DST",
            "team_id": "KC",
            "filename": "kansas-city-defense.php",
            "stats": {
                "points": 111.51,
                "points_ppr": 111.51,
                "points_half": 111.51,
                "def_sack": 49.98,
                "def_int": 12.12,
                "def_td": 2.73,
                "def_pa_a": 0,
                "def_pa_b": 0,
                "def_pa_c": 0,
                "def_pa_d": 0,
                "def_pa_e": 0,
                "def_pa_f": 0,
                "def_pa_g": 0,
                "def_safety": 0.5,
                "def_ff": 15.82,
                "def_fr": 9.96,
                "def_retd": 0.5
            }
        },
        {
            "fpid": 8240,
            "mflid": 510,
            "name": "Pittsburgh Steelers",
            "position_id": "DST",
            "team_id": "PIT",
            "filename": "pittsburgh-defense.php",
            "stats": {
                "points": 111.49,
                "points_ppr": 111.49,
                "points_half": 111.49,
                "def_sack": 48.51,
                "def_int": 13.6,
                "def_td": 2.68,
                "def_pa_a": 0,
                "def_pa_b": 0,
                "def_pa_c": 0,
                "def_pa_d": 0,
                "def_pa_e": 0,
                "def_pa_f": 0,
                "def_pa_g": 0,
                "def_safety": 0,
                "def_ff": 15.76,
                "def_fr": 9.84,
                "def_retd": 0
            }
        },
        {
            "fpid": 8270,
            "mflid": 530,
            "name": "San Francisco 49ers",
            "position_id": "DST",
            "team_id": "SF",
            "filename": "san-francisco-defense.php",
            "stats": {
                "points": 110.51,
                "points_ppr": 110.51,
                "points_half": 110.51,
                "def_sack": 44.31,
                "def_int": 15.1,
                "def_td": 2.71,
                "def_pa_a": 0,
                "def_pa_b": 0,
                "def_pa_c": 0,
                "def_pa_d": 0,
                "def_pa_e": 0,
                "def_pa_f": 0,
                "def_pa_g": 0,
                "def_safety": 0.5,
                "def_ff": 13.81,
                "def_fr": 9.36,
                "def_retd": 0
            }
        },
        {
            "fpid": 8070,
            "mflid": 507,
            "name": "Cleveland Browns",
            "position_id": "DST",
            "team_id": "CLE",
            "filename": "cleveland-defense.php",
            "stats": {
                "points": 109.81,
                "points_ppr": 109.81,
                "points_half": 109.81,
                "def_sack": 47.46,
                "def_int": 13.38,
                "def_td": 2.86,
                "def_pa_a": 0,
                "def_pa_b": 0,
                "def_pa_c": 0,
                "def_pa_d": 0,
                "def_pa_e": 0,
                "def_pa_f": 0,
                "def_pa_g": 0,
                "def_safety": 0,
                "def_ff": 14.4,
                "def_fr": 9.23,
                "def_retd": 0
            }
        },
        {
            "fpid": 8030,
            "mflid": 501,
            "name": "Buffalo Bills",
            "position_id": "DST",
            "team_id": "BUF",
            "filename": "buffalo-defense.php",
            "stats": {
                "points": 109.24,
                "points_ppr": 109.24,
                "points_half": 109.24,
                "def_sack": 45.98,
                "def_int": 13.38,
                "def_td": 2.36,
                "def_pa_a": 0,
                "def_pa_b": 0,
                "def_pa_c": 0,
                "def_pa_d": 0,
                "def_pa_e": 0,
                "def_pa_f": 0,
                "def_pa_g": 0,
                "def_safety": 0.5,
                "def_ff": 17.97,
                "def_fr": 10.68,
                "def_retd": 0.5
            }
        },
        {
            "fpid": 8130,
            "mflid": 502,
            "name": "Indianapolis Colts",
            "position_id": "DST",
            "team_id": "IND",
            "filename": "indianapolis-defense.php",
            "stats": {
                "points": 109.17,
                "points_ppr": 109.17,
                "points_half": 109.17,
                "def_sack": 49.03,
                "def_int": 12.43,
                "def_td": 2.41,
                "def_pa_a": 0,
                "def_pa_b": 0,
                "def_pa_c": 0,
                "def_pa_d": 0,
                "def_pa_e": 0,
                "def_pa_f": 0,
                "def_pa_g": 0,
                "def_safety": 0.5,
                "def_ff": 15.81,
                "def_fr": 9.92,
                "def_retd": 0
            }
        },
        {
            "fpid": 8160,
            "mflid": 503,
            "name": "Miami Dolphins",
            "position_id": "DST",
            "team_id": "MIA",
            "filename": "miami-defense.php",
            "stats": {
                "points": 108.4,
                "points_ppr": 108.4,
                "points_half": 108.4,
                "def_sack": 47.21,
                "def_int": 12.38,
                "def_td": 2.45,
                "def_pa_a": 0,
                "def_pa_b": 0,
                "def_pa_c": 0,
                "def_pa_d": 0,
                "def_pa_e": 0,
                "def_pa_f": 0,
                "def_pa_g": 0,
                "def_safety": 0.5,
                "def_ff": 18.03,
                "def_fr": 10.36,
                "def_retd": 0
            }
        },
        {
            "fpid": 8060,
            "mflid": 506,
            "name": "Cincinnati Bengals",
            "position_id": "DST",
            "team_id": "CIN",
            "filename": "cincinnati-defense.php",
            "stats": {
                "points": 108.12,
                "points_ppr": 108.12,
                "points_half": 108.12,
                "def_sack": 47.25,
                "def_int": 13.16,
                "def_td": 2.44,
                "def_pa_a": 0,
                "def_pa_b": 0,
                "def_pa_c": 0,
                "def_pa_d": 0,
                "def_pa_e": 0,
                "def_pa_f": 0,
                "def_pa_g": 0,
                "def_safety": 0,
                "def_ff": 15.57,
                "def_fr": 9.96,
                "def_retd": 0
            }
        },
        {
            "fpid": 8250,
            "mflid": 514,
            "name": "Los Angeles Chargers",
            "position_id": "DST",
            "team_id": "LAC",
            "filename": "los-angeles-chargers-defense.php",
            "stats": {
                "points": 105.25,
                "points_ppr": 105.25,
                "points_half": 105.25,
                "def_sack": 45.87,
                "def_int": 11.52,
                "def_td": 2.35,
                "def_pa_a": 0,
                "def_pa_b": 0,
                "def_pa_c": 0,
                "def_pa_d": 0,
                "def_pa_e": 0,
                "def_pa_f": 0,
                "def_pa_g": 0,
                "def_safety": 0.5,
                "def_ff": 18.12,
                "def_fr": 10.61,
                "def_retd": 0
            }
        },
        {
            "fpid": 8140,
            "mflid": 509,
            "name": "Jacksonville Jaguars",
            "position_id": "DST",
            "team_id": "JAC",
            "filename": "jacksonville-defense.php",
            "stats": {
                "points": 105.14,
                "points_ppr": 105.14,
                "points_half": 105.14,
                "def_sack": 41.19,
                "def_int": 12.97,
                "def_td": 2.69,
                "def_pa_a": 0,
                "def_pa_b": 0,
                "def_pa_c": 0,
                "def_pa_d": 0,
                "def_pa_e": 0,
                "def_pa_f": 0,
                "def_pa_g": 0,
                "def_safety": 0,
                "def_ff": 16.25,
                "def_fr": 10.93,
                "def_retd": 0
            }
        },
        {
            "fpid": 8110,
            "mflid": 523,
            "name": "Green Bay Packers",
            "position_id": "DST",
            "team_id": "GB",
            "filename": "green-bay-defense.php",
            "stats": {
                "points": 104.75,
                "points_ppr": 104.75,
                "points_half": 104.75,
                "def_sack": 43.91,
                "def_int": 13.34,
                "def_td": 2.45,
                "def_pa_a": 0,
                "def_pa_b": 0,
                "def_pa_c": 0,
                "def_pa_d": 0,
                "def_pa_e": 0,
                "def_pa_f": 0,
                "def_pa_g": 0,
                "def_safety": 0.5,
                "def_ff": 14.74,
                "def_fr": 9.24,
                "def_retd": 0
            }
        },
        {
            "fpid": 8310,
            "mflid": 520,
            "name": "Washington Commanders",
            "position_id": "DST",
            "team_id": "WAS",
            "filename": "washington-defense.php",
            "stats": {
                "points": 104.62,
                "points_ppr": 104.62,
                "points_half": 104.62,
                "def_sack": 47.82,
                "def_int": 11.54,
                "def_td": 2.14,
                "def_pa_a": 0,
                "def_pa_b": 0,
                "def_pa_c": 0,
                "def_pa_d": 0,
                "def_pa_e": 0,
                "def_pa_f": 0,
                "def_pa_g": 0,
                "def_safety": 0.5,
                "def_ff": 15.68,
                "def_fr": 9.93,
                "def_retd": 0
            }
        },
        {
            "fpid": 8010,
            "mflid": 526,
            "name": "Atlanta Falcons",
            "position_id": "DST",
            "team_id": "ATL",
            "filename": "atlanta-defense.php",
            "stats": {
                "points": 104.57,
                "points_ppr": 104.57,
                "points_half": 104.57,
                "def_sack": 45.94,
                "def_int": 12.37,
                "def_td": 2.39,
                "def_pa_a": 0,
                "def_pa_b": 0,
                "def_pa_c": 0,
                "def_pa_d": 0,
                "def_pa_e": 0,
                "def_pa_f": 0,
                "def_pa_g": 0,
                "def_safety": 0.5,
                "def_ff": 13.76,
                "def_fr": 9.26,
                "def_retd": 0
            }
        },
        {
            "fpid": 8200,
            "mflid": 517,
            "name": "New York Giants",
            "position_id": "DST",
            "team_id": "NYG",
            "filename": "new-york-giants-defense.php",
            "stats": {
                "points": 104.06,
                "points_ppr": 104.06,
                "points_half": 104.06,
                "def_sack": 41.6,
                "def_int": 12.35,
                "def_td": 2.5,
                "def_pa_a": 0,
                "def_pa_b": 0,
                "def_pa_c": 0,
                "def_pa_d": 0,
                "def_pa_e": 0,
                "def_pa_f": 0,
                "def_pa_g": 0,
                "def_safety": 0,
                "def_ff": 19.28,
                "def_fr": 11.39,
                "def_retd": 0
            }
        },
        {
            "fpid": 8190,
            "mflid": 529,
            "name": "New Orleans Saints",
            "position_id": "DST",
            "team_id": "NO",
            "filename": "new-orleans-defense.php",
            "stats": {
                "points": 103.89,
                "points_ppr": 103.89,
                "points_half": 103.89,
                "def_sack": 41.93,
                "def_int": 13.35,
                "def_td": 2.54,
                "def_pa_a": 0,
                "def_pa_b": 0,
                "def_pa_c": 0,
                "def_pa_d": 0,
                "def_pa_e": 0,
                "def_pa_f": 0,
                "def_pa_g": 0,
                "def_safety": 0,
                "def_ff": 14.41,
                "def_fr": 10.03,
                "def_retd": 0.5
            }
        },
        {
            "fpid": 8260,
            "mflid": 515,
            "name": "Seattle Seahawks",
            "position_id": "DST",
            "team_id": "SEA",
            "filename": "seattle-defense.php",
            "stats": {
                "points": 103.08,
                "points_ppr": 103.08,
                "points_half": 103.08,
                "def_sack": 45.05,
                "def_int": 12.57,
                "def_td": 2.16,
                "def_pa_a": 0,
                "def_pa_b": 0,
                "def_pa_c": 0,
                "def_pa_d": 0,
                "def_pa_e": 0,
                "def_pa_f": 0,
                "def_pa_g": 0,
                "def_safety": 0.5,
                "def_ff": 14.26,
                "def_fr": 9.47,
                "def_retd": 0
            }
        },
        {
            "fpid": 8290,
            "mflid": 525,
            "name": "Tampa Bay Buccaneers",
            "position_id": "DST",
            "team_id": "TB",
            "filename": "tampa-bay-defense.php",
            "stats": {
                "points": 103,
                "points_ppr": 103,
                "points_half": 103,
                "def_sack": 45.26,
                "def_int": 11.51,
                "def_td": 2.42,
                "def_pa_a": 0,
                "def_pa_b": 0,
                "def_pa_c": 0,
                "def_pa_d": 0,
                "def_pa_e": 0,
                "def_pa_f": 0,
                "def_pa_g": 0,
                "def_safety": 0,
                "def_ff": 17.98,
                "def_fr": 10.1,
                "def_retd": 0
            }
        },
        {
            "fpid": 8220,
            "mflid": 513,
            "name": "Las Vegas Raiders",
            "position_id": "DST",
            "team_id": "LV",
            "filename": "las-vegas-defense.php",
            "stats": {
                "points": 102.62,
                "points_ppr": 102.62,
                "points_half": 102.62,
                "def_sack": 44.66,
                "def_int": 11.32,
                "def_td": 2.56,
                "def_pa_a": 0,
                "def_pa_b": 0,
                "def_pa_c": 0,
                "def_pa_d": 0,
                "def_pa_e": 0,
                "def_pa_f": 0,
                "def_pa_g": 0,
                "def_safety": 0.5,
                "def_ff": 15.24,
                "def_fr": 9.48,
                "def_retd": 0
            }
        },
        {
            "fpid": 8090,
            "mflid": 511,
            "name": "Denver Broncos",
            "position_id": "DST",
            "team_id": "DEN",
            "filename": "denver-defense.php",
            "stats": {
                "points": 101.49,
                "points_ppr": 101.49,
                "points_half": 101.49,
                "def_sack": 41.66,
                "def_int": 11.25,
                "def_td": 2.35,
                "def_pa_a": 0,
                "def_pa_b": 0,
                "def_pa_c": 0,
                "def_pa_d": 0,
                "def_pa_e": 0,
                "def_pa_f": 0,
                "def_pa_g": 0,
                "def_safety": 0.5,
                "def_ff": 18.89,
                "def_fr": 11.1,
                "def_retd": 0.5
            }
        },
        {
            "fpid": 8050,
            "mflid": 521,
            "name": "Chicago Bears",
            "position_id": "DST",
            "team_id": "CHI",
            "filename": "chicago-defense.php",
            "stats": {
                "points": 101.05,
                "points_ppr": 101.05,
                "points_half": 101.05,
                "def_sack": 38.09,
                "def_int": 14.72,
                "def_td": 2.45,
                "def_pa_a": 0,
                "def_pa_b": 0,
                "def_pa_c": 0,
                "def_pa_d": 0,
                "def_pa_e": 0,
                "def_pa_f": 0,
                "def_pa_g": 0,
                "def_safety": 0.5,
                "def_ff": 13.15,
                "def_fr": 8.92,
                "def_retd": 0.5
            }
        },
        {
            "fpid": 8100,
            "mflid": 522,
            "name": "Detroit Lions",
            "position_id": "DST",
            "team_id": "DET",
            "filename": "detroit-defense.php",
            "stats": {
                "points": 100.4,
                "points_ppr": 100.4,
                "points_half": 100.4,
                "def_sack": 40.9,
                "def_int": 13.43,
                "def_td": 2.24,
                "def_pa_a": 0,
                "def_pa_b": 0,
                "def_pa_c": 0,
                "def_pa_d": 0,
                "def_pa_e": 0,
                "def_pa_f": 0,
                "def_pa_g": 0,
                "def_safety": 0.5,
                "def_ff": 12.76,
                "def_fr": 9.11,
                "def_retd": 0.5
            }
        },
        {
            "fpid": 8170,
            "mflid": 524,
            "name": "Minnesota Vikings",
            "position_id": "DST",
            "team_id": "MIN",
            "filename": "minnesota-defense.php",
            "stats": {
                "points": 99.02,
                "points_ppr": 99.02,
                "points_half": 99.02,
                "def_sack": 43.32,
                "def_int": 11.91,
                "def_td": 2.11,
                "def_pa_a": 0,
                "def_pa_b": 0,
                "def_pa_c": 0,
                "def_pa_d": 0,
                "def_pa_e": 0,
                "def_pa_f": 0,
                "def_pa_g": 0,
                "def_safety": 0,
                "def_ff": 17.13,
                "def_fr": 9.62,
                "def_retd": 0.5
            }
        },
        {
            "fpid": 8280,
            "mflid": 528,
            "name": "Los Angeles Rams",
            "position_id": "DST",
            "team_id": "LAR",
            "filename": "los-angeles-rams-defense.php",
            "stats": {
                "points": 97.5,
                "points_ppr": 97.5,
                "points_half": 97.5,
                "def_sack": 41.1,
                "def_int": 13.06,
                "def_td": 2.15,
                "def_pa_a": 0,
                "def_pa_b": 0,
                "def_pa_c": 0,
                "def_pa_d": 0,
                "def_pa_e": 0,
                "def_pa_f": 0,
                "def_pa_g": 0,
                "def_safety": 0.5,
                "def_ff": 11.87,
                "def_fr": 8.18,
                "def_retd": 0
            }
        },
        {
            "fpid": 8300,
            "mflid": 508,
            "name": "Tennessee Titans",
            "position_id": "DST",
            "team_id": "TEN",
            "filename": "tennessee-defense.php",
            "stats": {
                "points": 96.62,
                "points_ppr": 96.62,
                "points_half": 96.62,
                "def_sack": 43.49,
                "def_int": 11.14,
                "def_td": 2.08,
                "def_pa_a": 0,
                "def_pa_b": 0,
                "def_pa_c": 0,
                "def_pa_d": 0,
                "def_pa_e": 0,
                "def_pa_f": 0,
                "def_pa_g": 0,
                "def_safety": 0,
                "def_ff": 12.93,
                "def_fr": 9.19,
                "def_retd": 0
            }
        },
        {
            "fpid": 8000,
            "mflid": 519,
            "name": "Arizona Cardinals",
            "position_id": "DST",
            "team_id": "ARI",
            "filename": "arizona-defense.php",
            "stats": {
                "points": 93.46,
                "points_ppr": 93.46,
                "points_half": 93.46,
                "def_sack": 38.31,
                "def_int": 11.9,
                "def_td": 2.3,
                "def_pa_a": 0,
                "def_pa_b": 0,
                "def_pa_c": 0,
                "def_pa_d": 0,
                "def_pa_e": 0,
                "def_pa_f": 0,
                "def_pa_g": 0,
                "def_safety": 0,
                "def_ff": 13.31,
                "def_fr": 8.77,
                "def_retd": 0
            }
        },
        {
            "fpid": 8180,
            "mflid": 504,
            "name": "New England Patriots",
            "position_id": "DST",
            "team_id": "NE",
            "filename": "new-england-defense.php",
            "stats": {
                "points": 92.06,
                "points_ppr": 92.06,
                "points_half": 92.06,
                "def_sack": 34.91,
                "def_int": 12.26,
                "def_td": 2.34,
                "def_pa_a": 0,
                "def_pa_b": 0,
                "def_pa_c": 0,
                "def_pa_d": 0,
                "def_pa_e": 0,
                "def_pa_f": 0,
                "def_pa_g": 0,
                "def_safety": 0,
                "def_ff": 13.9,
                "def_fr": 9.31,
                "def_retd": 0.5
            }
        },
        {
            "fpid": 8040,
            "mflid": 527,
            "name": "Carolina Panthers",
            "position_id": "DST",
            "team_id": "CAR",
            "filename": "carolina-defense.php",
            "stats": {
                "points": 89.54,
                "points_ppr": 89.54,
                "points_half": 89.54,
                "def_sack": 36.4,
                "def_int": 11.58,
                "def_td": 2.24,
                "def_pa_a": 0,
                "def_pa_b": 0,
                "def_pa_c": 0,
                "def_pa_d": 0,
                "def_pa_e": 0,
                "def_pa_f": 0,
                "def_pa_g": 0,
                "def_safety": 0,
                "def_ff": 11.29,
                "def_fr": 8.26,
                "def_retd": 0
            }
        }
    ]
}