{
    "season": "2024",
    "week": "9",
    "count": "30",
    "positions": "DST",
    "scoring": "STD",
    "players": [
        {
            "fpid": 8150,
            "mflid": 512,
            "name": "Kansas City Chiefs",
            "position_id": "DST",
            "team_id": "KC",
            "filename": "kansas-city-defense.php",
            "stats": {
                "points": 7.88,
                "points_ppr": 7.88,
                "points_half": 7.88,
                "def_sack": 2.99,
                "def_int": 0.9,
                "def_td": 0.17,
                "def_pa": 19.92,
                "def_tyda": 324.37,
                "def_safety": 0,
                "def_ff": 0.73,
                "def_fr": 0.54,
                "def_retd": 0
            }
        },
        {
            "fpid": 8060,
            "mflid": 506,
            "name": "Cincinnati Bengals",
            "position_id": "DST",
            "team_id": "CIN",
            "filename": "cincinnati-defense.php",
            "stats": {
                "points": 7.7,
                "points_ppr": 7.7,
                "points_half": 7.7,
                "def_sack": 3.08,
                "def_int": 0.82,
                "def_td": 0.15,
                "def_pa": 17.67,
                "def_tyda": 307.98,
                "def_safety": 0,
                "def_ff": 0.69,
                "def_fr": 0.53,
                "def_retd": 0
            }
        },
        {
            "fpid": 8310,
            "mflid": 520,
            "name": "Washington Commanders",
            "position_id": "DST",
            "team_id": "WAS",
            "filename": "washington-defense.php",
            "stats": {
                "points": 7.54,
                "points_ppr": 7.54,
                "points_half": 7.54,
                "def_sack": 3.19,
                "def_int": 0.7,
                "def_td": 0.15,
                "def_pa": 19.53,
                "def_tyda": 320.3,
                "def_safety": 0,
                "def_ff": 0.69,
                "def_fr": 0.53,
                "def_retd": 0
            }
        },
        {
            "fpid": 8190,
            "mflid": 529,
            "name": "New Orleans Saints",
            "position_id": "DST",
            "team_id": "NO",
            "filename": "new-orleans-defense.php",
            "stats": {
                "points": 7.21,
                "points_ppr": 7.21,
                "points_half": 7.21,
                "def_sack": 2.73,
                "def_int": 0.78,
                "def_td": 0.16,
                "def_pa": 18.4,
                "def_tyda": 317.7,
                "def_safety": 0,
                "def_ff": 0.73,
                "def_fr": 0.49,
                "def_retd": 0
            }
        },
        {
            "fpid": 8250,
            "mflid": 514,
            "name": "Los Angeles Chargers",
            "position_id": "DST",
            "team_id": "LAC",
            "filename": "los-angeles-chargers-defense.php",
            "stats": {
                "points": 7.2,
                "points_ppr": 7.2,
                "points_half": 7.2,
                "def_sack": 2.65,
                "def_int": 0.85,
                "def_td": 0.15,
                "def_pa": 18.76,
                "def_tyda": 352.68,
                "def_safety": 0,
                "def_ff": 0.78,
                "def_fr": 0.48,
                "def_retd": 0
            }
        },
        {
            "fpid": 8300,
            "mflid": 508,
            "name": "Tennessee Titans",
            "position_id": "DST",
            "team_id": "TEN",
            "filename": "tennessee-defense.php",
            "stats": {
                "points": 7.11,
                "points_ppr": 7.11,
                "points_half": 7.11,
                "def_sack": 2.56,
                "def_int": 0.71,
                "def_td": 0.16,
                "def_pa": 17.95,
                "def_tyda": 305.58,
                "def_safety": 0,
                "def_ff": 0.72,
                "def_fr": 0.6,
                "def_retd": 0
            }
        },
        {
            "fpid": 8170,
            "mflid": 524,
            "name": "Minnesota Vikings",
            "position_id": "DST",
            "team_id": "MIN",
            "filename": "minnesota-defense.php",
            "stats": {
                "points": 6.71,
                "points_ppr": 6.71,
                "points_half": 6.71,
                "def_sack": 2.22,
                "def_int": 0.79,
                "def_td": 0.15,
                "def_pa": 19.72,
                "def_tyda": 336.48,
                "def_safety": 0,
                "def_ff": 0.76,
                "def_fr": 0.51,
                "def_retd": 0
            }
        },
        {
            "fpid": 8020,
            "mflid": 531,
            "name": "Baltimore Ravens",
            "position_id": "DST",
            "team_id": "BAL",
            "filename": "baltimore-defense.php",
            "stats": {
                "points": 6.61,
                "points_ppr": 6.61,
                "points_half": 6.61,
                "def_sack": 2.11,
                "def_int": 0.77,
                "def_td": 0.17,
                "def_pa": 19.04,
                "def_tyda": 334.81,
                "def_safety": 0,
                "def_ff": 0.67,
                "def_fr": 0.48,
                "def_retd": 0
            }
        },
        {
            "fpid": 8130,
            "mflid": 502,
            "name": "Indianapolis Colts",
            "position_id": "DST",
            "team_id": "IND",
            "filename": "indianapolis-defense.php",
            "stats": {
                "points": 6.47,
                "points_ppr": 6.47,
                "points_half": 6.47,
                "def_sack": 3.1,
                "def_int": 0.79,
                "def_td": 0.12,
                "def_pa": 23.89,
                "def_tyda": 352.32,
                "def_safety": 0,
                "def_ff": 0.94,
                "def_fr": 0.53,
                "def_retd": 0
            }
        },
        {
            "fpid": 8180,
            "mflid": 504,
            "name": "New England Patriots",
            "position_id": "DST",
            "team_id": "NE",
            "filename": "new-england-defense.php",
            "stats": {
                "points": 6.1,
                "points_ppr": 6.1,
                "points_half": 6.1,
                "def_sack": 1.92,
                "def_int": 0.71,
                "def_td": 0.14,
                "def_pa": 19.19,
                "def_tyda": 335.2,
                "def_safety": 0,
                "def_ff": 0.65,
                "def_fr": 0.46,
                "def_retd": 0
            }
        },
        {
            "fpid": 8230,
            "mflid": 518,
            "name": "Philadelphia Eagles",
            "position_id": "DST",
            "team_id": "PHI",
            "filename": "philadelphia-defense.php",
            "stats": {
                "points": 6.05,
                "points_ppr": 6.05,
                "points_half": 6.05,
                "def_sack": 2.52,
                "def_int": 0.75,
                "def_td": 0.15,
                "def_pa": 20.4,
                "def_tyda": 324.92,
                "def_safety": 0,
                "def_ff": 0.68,
                "def_fr": 0.57,
                "def_retd": 0
            }
        },
        {
            "fpid": 8280,
            "mflid": 528,
            "name": "Los Angeles Rams",
            "position_id": "DST",
            "team_id": "LAR",
            "filename": "los-angeles-rams-defense.php",
            "stats": {
                "points": 5.99,
                "points_ppr": 5.99,
                "points_half": 5.99,
                "def_sack": 2.65,
                "def_int": 0.81,
                "def_td": 0.13,
                "def_pa": 22.64,
                "def_tyda": 366.8,
                "def_safety": 0,
                "def_ff": 0.76,
                "def_fr": 0.46,
                "def_retd": 0
            }
        },
        {
            "fpid": 8100,
            "mflid": 522,
            "name": "Detroit Lions",
            "position_id": "DST",
            "team_id": "DET",
            "filename": "detroit-defense.php",
            "stats": {
                "points": 5.96,
                "points_ppr": 5.96,
                "points_half": 5.96,
                "def_sack": 2.27,
                "def_int": 0.92,
                "def_td": 0.14,
                "def_pa": 22.26,
                "def_tyda": 368.82,
                "def_safety": 0,
                "def_ff": 0.77,
                "def_fr": 0.51,
                "def_retd": 0
            }
        },
        {
            "fpid": 8010,
            "mflid": 526,
            "name": "Atlanta Falcons",
            "position_id": "DST",
            "team_id": "ATL",
            "filename": "atlanta-defense.php",
            "stats": {
                "points": 5.94,
                "points_ppr": 5.94,
                "points_half": 5.94,
                "def_sack": 2.44,
                "def_int": 0.83,
                "def_td": 0.13,
                "def_pa": 23.1,
                "def_tyda": 353.29,
                "def_safety": 0,
                "def_ff": 0.94,
                "def_fr": 0.54,
                "def_retd": 0
            }
        },
        {
            "fpid": 8210,
            "mflid": 505,
            "name": "New York Jets",
            "position_id": "DST",
            "team_id": "NYJ",
            "filename": "new-york-jets-defense.php",
            "stats": {
                "points": 5.93,
                "points_ppr": 5.93,
                "points_half": 5.93,
                "def_sack": 2.85,
                "def_int": 0.64,
                "def_td": 0.16,
                "def_pa": 20.34,
                "def_tyda": 328.3,
                "def_safety": 0,
                "def_ff": 0.73,
                "def_fr": 0.43,
                "def_retd": 0
            }
        },
        {
            "fpid": 8200,
            "mflid": 517,
            "name": "New York Giants",
            "position_id": "DST",
            "team_id": "NYG",
            "filename": "new-york-giants-defense.php",
            "stats": {
                "points": 5.82,
                "points_ppr": 5.82,
                "points_half": 5.82,
                "def_sack": 2.68,
                "def_int": 0.58,
                "def_td": 0.13,
                "def_pa": 24.37,
                "def_tyda": 388.9,
                "def_safety": 0,
                "def_ff": 1,
                "def_fr": 0.6,
                "def_retd": 0
            }
        },
        {
            "fpid": 8000,
            "mflid": 519,
            "name": "Arizona Cardinals",
            "position_id": "DST",
            "team_id": "ARI",
            "filename": "arizona-defense.php",
            "stats": {
                "points": 5.8,
                "points_ppr": 5.8,
                "points_half": 5.8,
                "def_sack": 2.43,
                "def_int": 0.74,
                "def_td": 0.15,
                "def_pa": 22.03,
                "def_tyda": 349.89,
                "def_safety": 0,
                "def_ff": 0.64,
                "def_fr": 0.49,
                "def_retd": 0
            }
        },
        {
            "fpid": 8030,
            "mflid": 501,
            "name": "Buffalo Bills",
            "position_id": "DST",
            "team_id": "BUF",
            "filename": "buffalo-defense.php",
            "stats": {
                "points": 5.8,
                "points_ppr": 5.8,
                "points_half": 5.8,
                "def_sack": 2.21,
                "def_int": 0.85,
                "def_td": 0.14,
                "def_pa": 21.72,
                "def_tyda": 373.92,
                "def_safety": 0,
                "def_ff": 0.83,
                "def_fr": 0.53,
                "def_retd": 0
            }
        },
        {
            "fpid": 8110,
            "mflid": 523,
            "name": "Green Bay Packers",
            "position_id": "DST",
            "team_id": "GB",
            "filename": "green-bay-defense.php",
            "stats": {
                "points": 5.78,
                "points_ppr": 5.78,
                "points_half": 5.78,
                "def_sack": 2.71,
                "def_int": 0.65,
                "def_td": 0.13,
                "def_pa": 24.98,
                "def_tyda": 357.87,
                "def_safety": 0,
                "def_ff": 0.79,
                "def_fr": 0.5,
                "def_retd": 0
            }
        },
        {
            "fpid": 8120,
            "mflid": 532,
            "name": "Houston Texans",
            "position_id": "DST",
            "team_id": "HOU",
            "filename": "houston-defense.php",
            "stats": {
                "points": 5.69,
                "points_ppr": 5.69,
                "points_half": 5.69,
                "def_sack": 2.55,
                "def_int": 0.69,
                "def_td": 0.13,
                "def_pa": 21.47,
                "def_tyda": 307.55,
                "def_safety": 0,
                "def_ff": 0.66,
                "def_fr": 0.49,
                "def_retd": 0
            }
        },
        {
            "fpid": 8260,
            "mflid": 515,
            "name": "Seattle Seahawks",
            "position_id": "DST",
            "team_id": "SEA",
            "filename": "seattle-defense.php",
            "stats": {
                "points": 5.61,
                "points_ppr": 5.61,
                "points_half": 5.61,
                "def_sack": 2.49,
                "def_int": 0.71,
                "def_td": 0.13,
                "def_pa": 24.04,
                "def_tyda": 374.89,
                "def_safety": 0,
                "def_ff": 0.84,
                "def_fr": 0.45,
                "def_retd": 0
            }
        },
        {
            "fpid": 8290,
            "mflid": 525,
            "name": "Tampa Bay Buccaneers",
            "position_id": "DST",
            "team_id": "TB",
            "filename": "tampa-bay-defense.php",
            "stats": {
                "points": 5.53,
                "points_ppr": 5.53,
                "points_half": 5.53,
                "def_sack": 2.31,
                "def_int": 0.77,
                "def_td": 0.12,
                "def_pa": 26.51,
                "def_tyda": 366.87,
                "def_safety": 0,
                "def_ff": 0.94,
                "def_fr": 0.48,
                "def_retd": 0
            }
        },
        {
            "fpid": 8070,
            "mflid": 507,
            "name": "Cleveland Browns",
            "position_id": "DST",
            "team_id": "CLE",
            "filename": "cleveland-defense.php",
            "stats": {
                "points": 5.48,
                "points_ppr": 5.48,
                "points_half": 5.48,
                "def_sack": 2.51,
                "def_int": 0.57,
                "def_td": 0.15,
                "def_pa": 21.07,
                "def_tyda": 338.19,
                "def_safety": 0,
                "def_ff": 0.68,
                "def_fr": 0.47,
                "def_retd": 0
            }
        },
        {
            "fpid": 8080,
            "mflid": 516,
            "name": "Dallas Cowboys",
            "position_id": "DST",
            "team_id": "DAL",
            "filename": "dallas-defense.php",
            "stats": {
                "points": 5.28,
                "points_ppr": 5.28,
                "points_half": 5.28,
                "def_sack": 2.18,
                "def_int": 0.68,
                "def_td": 0.13,
                "def_pa": 26.96,
                "def_tyda": 398.83,
                "def_safety": 0,
                "def_ff": 0.7,
                "def_fr": 0.47,
                "def_retd": 0
            }
        },
        {
            "fpid": 8220,
            "mflid": 513,
            "name": "Las Vegas Raiders",
            "position_id": "DST",
            "team_id": "LV",
            "filename": "las-vegas-defense.php",
            "stats": {
                "points": 5.18,
                "points_ppr": 5.18,
                "points_half": 5.18,
                "def_sack": 2.52,
                "def_int": 0.61,
                "def_td": 0.12,
                "def_pa": 25.59,
                "def_tyda": 347.47,
                "def_safety": 0,
                "def_ff": 0.46,
                "def_fr": 0.38,
                "def_retd": 0
            }
        },
        {
            "fpid": 8140,
            "mflid": 509,
            "name": "Jacksonville Jaguars",
            "position_id": "DST",
            "team_id": "JAC",
            "filename": "jacksonville-defense.php",
            "stats": {
                "points": 5.12,
                "points_ppr": 5.12,
                "points_half": 5.12,
                "def_sack": 2.18,
                "def_int": 0.62,
                "def_td": 0.13,
                "def_pa": 26.8,
                "def_tyda": 359.93,
                "def_safety": 0,
                "def_ff": 0.6,
                "def_fr": 0.46,
                "def_retd": 0
            }
        },
        {
            "fpid": 8050,
            "mflid": 521,
            "name": "Chicago Bears",
            "position_id": "DST",
            "team_id": "CHI",
            "filename": "chicago-defense.php",
            "stats": {
                "points": 5.09,
                "points_ppr": 5.09,
                "points_half": 5.09,
                "def_sack": 1.89,
                "def_int": 0.64,
                "def_td": 0.14,
                "def_pa": 22.92,
                "def_tyda": 337.89,
                "def_safety": 0,
                "def_ff": 0.81,
                "def_fr": 0.56,
                "def_retd": 0
            }
        },
        {
            "fpid": 8090,
            "mflid": 511,
            "name": "Denver Broncos",
            "position_id": "DST",
            "team_id": "DEN",
            "filename": "denver-defense.php",
            "stats": {
                "points": 5.03,
                "points_ppr": 5.03,
                "points_half": 5.03,
                "def_sack": 2.2,
                "def_int": 0.56,
                "def_td": 0.12,
                "def_pa": 26.95,
                "def_tyda": 364.08,
                "def_safety": 0,
                "def_ff": 0.81,
                "def_fr": 0.49,
                "def_retd": 0
            }
        },
        {
            "fpid": 8040,
            "mflid": 527,
            "name": "Carolina Panthers",
            "position_id": "DST",
            "team_id": "CAR",
            "filename": "carolina-defense.php",
            "stats": {
                "points": 4.8,
                "points_ppr": 4.8,
                "points_half": 4.8,
                "def_sack": 1.68,
                "def_int": 0.72,
                "def_td": 0.13,
                "def_pa": 22.81,
                "def_tyda": 374.26,
                "def_safety": 0,
                "def_ff": 0.68,
                "def_fr": 0.46,
                "def_retd": 0
            }
        },
        {
            "fpid": 8160,
            "mflid": 503,
            "name": "Miami Dolphins",
            "position_id": "DST",
            "team_id": "MIA",
            "filename": "miami-defense.php",
            "stats": {
                "points": 4.76,
                "points_ppr": 4.76,
                "points_half": 4.76,
                "def_sack": 1.79,
                "def_int": 0.63,
                "def_td": 0.12,
                "def_pa": 26.5,
                "def_tyda": 365.79,
                "def_safety": 0,
                "def_ff": 0.74,
                "def_fr": 0.48,
                "def_retd": 0
            }
        }
    ]
}