{
    "season": "2024",
    "week": "7",
    "count": "30",
    "positions": "DST",
    "scoring": "STD",
    "players": [
        {
            "fpid": 8060,
            "mflid": 506,
            "name": "Cincinnati Bengals",
            "position_id": "DST",
            "team_id": "CIN",
            "filename": "cincinnati-defense.php",
            "stats": {
                "points": 8.19,
                "points_ppr": 8.19,
                "points_half": 8.19,
                "def_sack": 3.81,
                "def_int": 0.69,
                "def_td": 0.16,
                "def_pa": 18.46,
                "def_tyda": 293.06,
                "def_safety": 0,
                "def_ff": 0.72,
                "def_fr": 0.53,
                "def_retd": 0
            }
        },
        {
            "fpid": 8030,
            "mflid": 501,
            "name": "Buffalo Bills",
            "position_id": "DST",
            "team_id": "BUF",
            "filename": "buffalo-defense.php",
            "stats": {
                "points": 7.7,
                "points_ppr": 7.7,
                "points_half": 7.7,
                "def_sack": 2.95,
                "def_int": 0.88,
                "def_td": 0.16,
                "def_pa": 17.6,
                "def_tyda": 312.73,
                "def_safety": 0,
                "def_ff": 0.79,
                "def_fr": 0.52,
                "def_retd": 0
            }
        },
        {
            "fpid": 8090,
            "mflid": 511,
            "name": "Denver Broncos",
            "position_id": "DST",
            "team_id": "DEN",
            "filename": "denver-defense.php",
            "stats": {
                "points": 7.46,
                "points_ppr": 7.46,
                "points_half": 7.46,
                "def_sack": 2.96,
                "def_int": 0.75,
                "def_td": 0.17,
                "def_pa": 16.69,
                "def_tyda": 292.39,
                "def_safety": 0,
                "def_ff": 0.79,
                "def_fr": 0.51,
                "def_retd": 0
            }
        },
        {
            "fpid": 8230,
            "mflid": 518,
            "name": "Philadelphia Eagles",
            "position_id": "DST",
            "team_id": "PHI",
            "filename": "philadelphia-defense.php",
            "stats": {
                "points": 7.03,
                "points_ppr": 7.03,
                "points_half": 7.03,
                "def_sack": 2.69,
                "def_int": 0.74,
                "def_td": 0.15,
                "def_pa": 19.57,
                "def_tyda": 316.79,
                "def_safety": 0,
                "def_ff": 0.63,
                "def_fr": 0.49,
                "def_retd": 0
            }
        },
        {
            "fpid": 8140,
            "mflid": 509,
            "name": "Jacksonville Jaguars",
            "position_id": "DST",
            "team_id": "JAC",
            "filename": "jacksonville-defense.php",
            "stats": {
                "points": 7.01,
                "points_ppr": 7.01,
                "points_half": 7.01,
                "def_sack": 2.52,
                "def_int": 0.71,
                "def_td": 0.16,
                "def_pa": 18.41,
                "def_tyda": 331.27,
                "def_safety": 0,
                "def_ff": 0.66,
                "def_fr": 0.57,
                "def_retd": 0
            }
        },
        {
            "fpid": 8240,
            "mflid": 510,
            "name": "Pittsburgh Steelers",
            "position_id": "DST",
            "team_id": "PIT",
            "filename": "pittsburgh-defense.php",
            "stats": {
                "points": 6.93,
                "points_ppr": 6.93,
                "points_half": 6.93,
                "def_sack": 2.71,
                "def_int": 0.63,
                "def_td": 0.15,
                "def_pa": 19.92,
                "def_tyda": 325.06,
                "def_safety": 0,
                "def_ff": 0.88,
                "def_fr": 0.52,
                "def_retd": 0
            }
        },
        {
            "fpid": 8210,
            "mflid": 505,
            "name": "New York Jets",
            "position_id": "DST",
            "team_id": "NYJ",
            "filename": "new-york-jets-defense.php",
            "stats": {
                "points": 6.91,
                "points_ppr": 6.91,
                "points_half": 6.91,
                "def_sack": 2.63,
                "def_int": 0.64,
                "def_td": 0.17,
                "def_pa": 18.99,
                "def_tyda": 299.85,
                "def_safety": 0,
                "def_ff": 0.69,
                "def_fr": 0.5,
                "def_retd": 0
            }
        },
        {
            "fpid": 8310,
            "mflid": 520,
            "name": "Washington Commanders",
            "position_id": "DST",
            "team_id": "WAS",
            "filename": "washington-defense.php",
            "stats": {
                "points": 6.87,
                "points_ppr": 6.87,
                "points_half": 6.87,
                "def_sack": 2.25,
                "def_int": 0.87,
                "def_td": 0.15,
                "def_pa": 19.43,
                "def_tyda": 360.19,
                "def_safety": 0,
                "def_ff": 0.73,
                "def_fr": 0.49,
                "def_retd": 0
            }
        },
        {
            "fpid": 8020,
            "mflid": 531,
            "name": "Baltimore Ravens",
            "position_id": "DST",
            "team_id": "BAL",
            "filename": "baltimore-defense.php",
            "stats": {
                "points": 6.8,
                "points_ppr": 6.8,
                "points_half": 6.8,
                "def_sack": 3.24,
                "def_int": 0.85,
                "def_td": 0.15,
                "def_pa": 23.03,
                "def_tyda": 349.44,
                "def_safety": 0,
                "def_ff": 0.64,
                "def_fr": 0.48,
                "def_retd": 0
            }
        },
        {
            "fpid": 8190,
            "mflid": 529,
            "name": "New Orleans Saints",
            "position_id": "DST",
            "team_id": "NO",
            "filename": "new-orleans-defense.php",
            "stats": {
                "points": 6.64,
                "points_ppr": 6.64,
                "points_half": 6.64,
                "def_sack": 1.94,
                "def_int": 0.82,
                "def_td": 0.16,
                "def_pa": 19.35,
                "def_tyda": 342.77,
                "def_safety": 0,
                "def_ff": 0.74,
                "def_fr": 0.56,
                "def_retd": 0
            }
        },
        {
            "fpid": 8100,
            "mflid": 522,
            "name": "Detroit Lions",
            "position_id": "DST",
            "team_id": "DET",
            "filename": "detroit-defense.php",
            "stats": {
                "points": 6.55,
                "points_ppr": 6.55,
                "points_half": 6.55,
                "def_sack": 3.03,
                "def_int": 0.89,
                "def_td": 0.13,
                "def_pa": 22.75,
                "def_tyda": 335.44,
                "def_safety": 0,
                "def_ff": 0.7,
                "def_fr": 0.49,
                "def_retd": 0
            }
        },
        {
            "fpid": 8130,
            "mflid": 502,
            "name": "Indianapolis Colts",
            "position_id": "DST",
            "team_id": "IND",
            "filename": "indianapolis-defense.php",
            "stats": {
                "points": 6.51,
                "points_ppr": 6.51,
                "points_half": 6.51,
                "def_sack": 2.33,
                "def_int": 0.65,
                "def_td": 0.15,
                "def_pa": 18.68,
                "def_tyda": 326.43,
                "def_safety": 0,
                "def_ff": 0.85,
                "def_fr": 0.49,
                "def_retd": 0
            }
        },
        {
            "fpid": 8280,
            "mflid": 528,
            "name": "Los Angeles Rams",
            "position_id": "DST",
            "team_id": "LAR",
            "filename": "los-angeles-rams-defense.php",
            "stats": {
                "points": 6.51,
                "points_ppr": 6.51,
                "points_half": 6.51,
                "def_sack": 2.06,
                "def_int": 0.76,
                "def_td": 0.15,
                "def_pa": 18.11,
                "def_tyda": 338.14,
                "def_safety": 0,
                "def_ff": 0.72,
                "def_fr": 0.5,
                "def_retd": 0
            }
        },
        {
            "fpid": 8010,
            "mflid": 526,
            "name": "Atlanta Falcons",
            "position_id": "DST",
            "team_id": "ATL",
            "filename": "atlanta-defense.php",
            "stats": {
                "points": 6.2,
                "points_ppr": 6.2,
                "points_half": 6.2,
                "def_sack": 2.76,
                "def_int": 0.85,
                "def_td": 0.13,
                "def_pa": 22.93,
                "def_tyda": 352.62,
                "def_safety": 0,
                "def_ff": 0.86,
                "def_fr": 0.48,
                "def_retd": 0
            }
        },
        {
            "fpid": 8200,
            "mflid": 517,
            "name": "New York Giants",
            "position_id": "DST",
            "team_id": "NYG",
            "filename": "new-york-giants-defense.php",
            "stats": {
                "points": 5.89,
                "points_ppr": 5.89,
                "points_half": 5.89,
                "def_sack": 2.59,
                "def_int": 0.68,
                "def_td": 0.14,
                "def_pa": 23.18,
                "def_tyda": 355.96,
                "def_safety": 0,
                "def_ff": 1.01,
                "def_fr": 0.56,
                "def_retd": 0
            }
        },
        {
            "fpid": 8110,
            "mflid": 523,
            "name": "Green Bay Packers",
            "position_id": "DST",
            "team_id": "GB",
            "filename": "green-bay-defense.php",
            "stats": {
                "points": 5.8,
                "points_ppr": 5.8,
                "points_half": 5.8,
                "def_sack": 2.73,
                "def_int": 0.69,
                "def_td": 0.13,
                "def_pa": 21.57,
                "def_tyda": 366.6,
                "def_safety": 0,
                "def_ff": 0.77,
                "def_fr": 0.44,
                "def_retd": 0
            }
        },
        {
            "fpid": 8070,
            "mflid": 507,
            "name": "Cleveland Browns",
            "position_id": "DST",
            "team_id": "CLE",
            "filename": "cleveland-defense.php",
            "stats": {
                "points": 5.73,
                "points_ppr": 5.73,
                "points_half": 5.73,
                "def_sack": 2.71,
                "def_int": 0.63,
                "def_td": 0.14,
                "def_pa": 23.96,
                "def_tyda": 356.23,
                "def_safety": 0,
                "def_ff": 0.83,
                "def_fr": 0.46,
                "def_retd": 0
            }
        },
        {
            "fpid": 8150,
            "mflid": 512,
            "name": "Kansas City Chiefs",
            "position_id": "DST",
            "team_id": "KC",
            "filename": "kansas-city-defense.php",
            "stats": {
                "points": 5.67,
                "points_ppr": 5.67,
                "points_half": 5.67,
                "def_sack": 2.39,
                "def_int": 0.72,
                "def_td": 0.15,
                "def_pa": 24.47,
                "def_tyda": 363.05,
                "def_safety": 0,
                "def_ff": 0.68,
                "def_fr": 0.48,
                "def_retd": 0
            }
        },
        {
            "fpid": 8180,
            "mflid": 504,
            "name": "New England Patriots",
            "position_id": "DST",
            "team_id": "NE",
            "filename": "new-england-defense.php",
            "stats": {
                "points": 5.61,
                "points_ppr": 5.61,
                "points_half": 5.61,
                "def_sack": 2.33,
                "def_int": 0.7,
                "def_td": 0.13,
                "def_pa": 23.46,
                "def_tyda": 346.7,
                "def_safety": 0,
                "def_ff": 0.72,
                "def_fr": 0.54,
                "def_retd": 0
            }
        },
        {
            "fpid": 8270,
            "mflid": 530,
            "name": "San Francisco 49ers",
            "position_id": "DST",
            "team_id": "SF",
            "filename": "san-francisco-defense.php",
            "stats": {
                "points": 5.58,
                "points_ppr": 5.58,
                "points_half": 5.58,
                "def_sack": 2.22,
                "def_int": 0.78,
                "def_td": 0.15,
                "def_pa": 23.05,
                "def_tyda": 344.72,
                "def_safety": 0,
                "def_ff": 0.83,
                "def_fr": 0.45,
                "def_retd": 0
            }
        },
        {
            "fpid": 8160,
            "mflid": 503,
            "name": "Miami Dolphins",
            "position_id": "DST",
            "team_id": "MIA",
            "filename": "miami-defense.php",
            "stats": {
                "points": 5.56,
                "points_ppr": 5.56,
                "points_half": 5.56,
                "def_sack": 2.17,
                "def_int": 0.77,
                "def_td": 0.13,
                "def_pa": 23.14,
                "def_tyda": 349.3,
                "def_safety": 0,
                "def_ff": 0.68,
                "def_fr": 0.53,
                "def_retd": 0
            }
        },
        {
            "fpid": 8220,
            "mflid": 513,
            "name": "Las Vegas Raiders",
            "position_id": "DST",
            "team_id": "LV",
            "filename": "las-vegas-defense.php",
            "stats": {
                "points": 5.53,
                "points_ppr": 5.53,
                "points_half": 5.53,
                "def_sack": 2.68,
                "def_int": 0.65,
                "def_td": 0.12,
                "def_pa": 24.39,
                "def_tyda": 347.62,
                "def_safety": 0,
                "def_ff": 0.53,
                "def_fr": 0.41,
                "def_retd": 0
            }
        },
        {
            "fpid": 8250,
            "mflid": 514,
            "name": "Los Angeles Chargers",
            "position_id": "DST",
            "team_id": "LAC",
            "filename": "los-angeles-chargers-defense.php",
            "stats": {
                "points": 5.48,
                "points_ppr": 5.48,
                "points_half": 5.48,
                "def_sack": 2.18,
                "def_int": 0.65,
                "def_td": 0.15,
                "def_pa": 20.77,
                "def_tyda": 334.39,
                "def_safety": 0,
                "def_ff": 0.81,
                "def_fr": 0.55,
                "def_retd": 0
            }
        },
        {
            "fpid": 8170,
            "mflid": 524,
            "name": "Minnesota Vikings",
            "position_id": "DST",
            "team_id": "MIN",
            "filename": "minnesota-defense.php",
            "stats": {
                "points": 5.39,
                "points_ppr": 5.39,
                "points_half": 5.39,
                "def_sack": 2.35,
                "def_int": 0.7,
                "def_td": 0.14,
                "def_pa": 23.74,
                "def_tyda": 339.12,
                "def_safety": 0,
                "def_ff": 0.67,
                "def_fr": 0.42,
                "def_retd": 0
            }
        },
        {
            "fpid": 8120,
            "mflid": 532,
            "name": "Houston Texans",
            "position_id": "DST",
            "team_id": "HOU",
            "filename": "houston-defense.php",
            "stats": {
                "points": 5.36,
                "points_ppr": 5.36,
                "points_half": 5.36,
                "def_sack": 1.87,
                "def_int": 0.82,
                "def_td": 0.13,
                "def_pa": 24.56,
                "def_tyda": 358.79,
                "def_safety": 0,
                "def_ff": 0.73,
                "def_fr": 0.54,
                "def_retd": 0
            }
        },
        {
            "fpid": 8260,
            "mflid": 515,
            "name": "Seattle Seahawks",
            "position_id": "DST",
            "team_id": "SEA",
            "filename": "seattle-defense.php",
            "stats": {
                "points": 5.33,
                "points_ppr": 5.33,
                "points_half": 5.33,
                "def_sack": 2.18,
                "def_int": 0.67,
                "def_td": 0.13,
                "def_pa": 27.03,
                "def_tyda": 395.27,
                "def_safety": 0,
                "def_ff": 0.86,
                "def_fr": 0.52,
                "def_retd": 0
            }
        },
        {
            "fpid": 8290,
            "mflid": 525,
            "name": "Tampa Bay Buccaneers",
            "position_id": "DST",
            "team_id": "TB",
            "filename": "tampa-bay-defense.php",
            "stats": {
                "points": 5.25,
                "points_ppr": 5.25,
                "points_half": 5.25,
                "def_sack": 2.22,
                "def_int": 0.63,
                "def_td": 0.13,
                "def_pa": 25.6,
                "def_tyda": 378.35,
                "def_safety": 0,
                "def_ff": 0.9,
                "def_fr": 0.5,
                "def_retd": 0
            }
        },
        {
            "fpid": 8040,
            "mflid": 527,
            "name": "Carolina Panthers",
            "position_id": "DST",
            "team_id": "CAR",
            "filename": "carolina-defense.php",
            "stats": {
                "points": 5.09,
                "points_ppr": 5.09,
                "points_half": 5.09,
                "def_sack": 2.13,
                "def_int": 0.63,
                "def_td": 0.12,
                "def_pa": 29.89,
                "def_tyda": 374.44,
                "def_safety": 0,
                "def_ff": 0.61,
                "def_fr": 0.5,
                "def_retd": 0
            }
        },
        {
            "fpid": 8000,
            "mflid": 519,
            "name": "Arizona Cardinals",
            "position_id": "DST",
            "team_id": "ARI",
            "filename": "arizona-defense.php",
            "stats": {
                "points": 4.94,
                "points_ppr": 4.94,
                "points_half": 4.94,
                "def_sack": 2.05,
                "def_int": 0.58,
                "def_td": 0.13,
                "def_pa": 22.35,
                "def_tyda": 340.51,
                "def_safety": 0,
                "def_ff": 0.6,
                "def_fr": 0.46,
                "def_retd": 0
            }
        },
        {
            "fpid": 8300,
            "mflid": 508,
            "name": "Tennessee Titans",
            "position_id": "DST",
            "team_id": "TEN",
            "filename": "tennessee-defense.php",
            "stats": {
                "points": 4.64,
                "points_ppr": 4.64,
                "points_half": 4.64,
                "def_sack": 1.8,
                "def_int": 0.61,
                "def_td": 0.12,
                "def_pa": 25.4,
                "def_tyda": 324.53,
                "def_safety": 0,
                "def_ff": 0.59,
                "def_fr": 0.44,
                "def_retd": 0
            }
        }
    ]
}