{
    "season": "2024",
    "week": "5",
    "count": "28",
    "positions": "DST",
    "scoring": "STD",
    "players": [
        {
            "fpid": 8260,
            "mflid": 515,
            "name": "Seattle Seahawks",
            "position_id": "DST",
            "team_id": "SEA",
            "filename": "seattle-defense.php",
            "stats": {
                "points": 7.8,
                "points_ppr": 7.8,
                "points_half": 7.8,
                "def_sack": 3.26,
                "def_int": 0.75,
                "def_td": 0.16,
                "def_pa": 18.86,
                "def_tyda": 316.03,
                "def_safety": 0,
                "def_ff": 0.83,
                "def_fr": 0.55,
                "def_retd": 0
            }
        },
        {
            "fpid": 8090,
            "mflid": 511,
            "name": "Denver Broncos",
            "position_id": "DST",
            "team_id": "DEN",
            "filename": "denver-defense.php",
            "stats": {
                "points": 7.36,
                "points_ppr": 7.36,
                "points_half": 7.36,
                "def_sack": 2.79,
                "def_int": 0.72,
                "def_td": 0.16,
                "def_pa": 15.73,
                "def_tyda": 299.98,
                "def_safety": 0,
                "def_ff": 0.81,
                "def_fr": 0.59,
                "def_retd": 0
            }
        },
        {
            "fpid": 8310,
            "mflid": 520,
            "name": "Washington Commanders",
            "position_id": "DST",
            "team_id": "WAS",
            "filename": "washington-defense.php",
            "stats": {
                "points": 7.29,
                "points_ppr": 7.29,
                "points_half": 7.29,
                "def_sack": 3.78,
                "def_int": 0.76,
                "def_td": 0.15,
                "def_pa": 20.83,
                "def_tyda": 311.29,
                "def_safety": 0,
                "def_ff": 0.75,
                "def_fr": 0.54,
                "def_retd": 0
            }
        },
        {
            "fpid": 8160,
            "mflid": 503,
            "name": "Miami Dolphins",
            "position_id": "DST",
            "team_id": "MIA",
            "filename": "miami-defense.php",
            "stats": {
                "points": 6.9,
                "points_ppr": 6.9,
                "points_half": 6.9,
                "def_sack": 2.65,
                "def_int": 0.59,
                "def_td": 0.14,
                "def_pa": 16.96,
                "def_tyda": 302.46,
                "def_safety": 0,
                "def_ff": 0.77,
                "def_fr": 0.6,
                "def_retd": 0
            }
        },
        {
            "fpid": 8180,
            "mflid": 504,
            "name": "New England Patriots",
            "position_id": "DST",
            "team_id": "NE",
            "filename": "new-england-defense.php",
            "stats": {
                "points": 6.84,
                "points_ppr": 6.84,
                "points_half": 6.84,
                "def_sack": 2.48,
                "def_int": 0.72,
                "def_td": 0.16,
                "def_pa": 19.37,
                "def_tyda": 314.69,
                "def_safety": 0,
                "def_ff": 0.76,
                "def_fr": 0.48,
                "def_retd": 0
            }
        },
        {
            "fpid": 8210,
            "mflid": 505,
            "name": "New York Jets",
            "position_id": "DST",
            "team_id": "NYJ",
            "filename": "new-york-jets-defense.php",
            "stats": {
                "points": 6.68,
                "points_ppr": 6.68,
                "points_half": 6.68,
                "def_sack": 2.95,
                "def_int": 0.87,
                "def_td": 0.16,
                "def_pa": 20.93,
                "def_tyda": 318.24,
                "def_safety": 0,
                "def_ff": 0.74,
                "def_fr": 0.53,
                "def_retd": 0
            }
        },
        {
            "fpid": 8050,
            "mflid": 521,
            "name": "Chicago Bears",
            "position_id": "DST",
            "team_id": "CHI",
            "filename": "chicago-defense.php",
            "stats": {
                "points": 6.63,
                "points_ppr": 6.63,
                "points_half": 6.63,
                "def_sack": 2.16,
                "def_int": 0.81,
                "def_td": 0.16,
                "def_pa": 18.36,
                "def_tyda": 336.13,
                "def_safety": 0,
                "def_ff": 0.68,
                "def_fr": 0.46,
                "def_retd": 0
            }
        },
        {
            "fpid": 8170,
            "mflid": 524,
            "name": "Minnesota Vikings",
            "position_id": "DST",
            "team_id": "MIN",
            "filename": "minnesota-defense.php",
            "stats": {
                "points": 6.58,
                "points_ppr": 6.58,
                "points_half": 6.58,
                "def_sack": 2.6,
                "def_int": 0.58,
                "def_td": 0.15,
                "def_pa": 18.64,
                "def_tyda": 319.87,
                "def_safety": 0,
                "def_ff": 0.67,
                "def_fr": 0.46,
                "def_retd": 0
            }
        },
        {
            "fpid": 8150,
            "mflid": 512,
            "name": "Kansas City Chiefs",
            "position_id": "DST",
            "team_id": "KC",
            "filename": "kansas-city-defense.php",
            "stats": {
                "points": 6.43,
                "points_ppr": 6.43,
                "points_half": 6.43,
                "def_sack": 2.15,
                "def_int": 0.71,
                "def_td": 0.16,
                "def_pa": 19.35,
                "def_tyda": 321.93,
                "def_safety": 0,
                "def_ff": 0.73,
                "def_fr": 0.46,
                "def_retd": 0
            }
        },
        {
            "fpid": 8010,
            "mflid": 526,
            "name": "Atlanta Falcons",
            "position_id": "DST",
            "team_id": "ATL",
            "filename": "atlanta-defense.php",
            "stats": {
                "points": 6.24,
                "points_ppr": 6.24,
                "points_half": 6.24,
                "def_sack": 2.89,
                "def_int": 0.79,
                "def_td": 0.14,
                "def_pa": 21.29,
                "def_tyda": 323.42,
                "def_safety": 0,
                "def_ff": 0.61,
                "def_fr": 0.47,
                "def_retd": 0
            }
        },
        {
            "fpid": 8220,
            "mflid": 513,
            "name": "Las Vegas Raiders",
            "position_id": "DST",
            "team_id": "LV",
            "filename": "las-vegas-defense.php",
            "stats": {
                "points": 6.23,
                "points_ppr": 6.23,
                "points_half": 6.23,
                "def_sack": 1.85,
                "def_int": 0.75,
                "def_td": 0.15,
                "def_pa": 19.45,
                "def_tyda": 315.08,
                "def_safety": 0,
                "def_ff": 0.6,
                "def_fr": 0.48,
                "def_retd": 0
            }
        },
        {
            "fpid": 8240,
            "mflid": 510,
            "name": "Pittsburgh Steelers",
            "position_id": "DST",
            "team_id": "PIT",
            "filename": "pittsburgh-defense.php",
            "stats": {
                "points": 6.2,
                "points_ppr": 6.2,
                "points_half": 6.2,
                "def_sack": 2.82,
                "def_int": 0.72,
                "def_td": 0.16,
                "def_pa": 20.99,
                "def_tyda": 354.01,
                "def_safety": 0,
                "def_ff": 0.76,
                "def_fr": 0.49,
                "def_retd": 0
            }
        },
        {
            "fpid": 8270,
            "mflid": 530,
            "name": "San Francisco 49ers",
            "position_id": "DST",
            "team_id": "SF",
            "filename": "san-francisco-defense.php",
            "stats": {
                "points": 6.01,
                "points_ppr": 6.01,
                "points_half": 6.01,
                "def_sack": 2.68,
                "def_int": 0.7,
                "def_td": 0.16,
                "def_pa": 20,
                "def_tyda": 337.01,
                "def_safety": 0,
                "def_ff": 0.77,
                "def_fr": 0.5,
                "def_retd": 0
            }
        },
        {
            "fpid": 8200,
            "mflid": 517,
            "name": "New York Giants",
            "position_id": "DST",
            "team_id": "NYG",
            "filename": "new-york-giants-defense.php",
            "stats": {
                "points": 5.87,
                "points_ppr": 5.87,
                "points_half": 5.87,
                "def_sack": 2.65,
                "def_int": 0.76,
                "def_td": 0.13,
                "def_pa": 24.33,
                "def_tyda": 358.1,
                "def_safety": 0,
                "def_ff": 0.89,
                "def_fr": 0.45,
                "def_retd": 0
            }
        },
        {
            "fpid": 8020,
            "mflid": 531,
            "name": "Baltimore Ravens",
            "position_id": "DST",
            "team_id": "BAL",
            "filename": "baltimore-defense.php",
            "stats": {
                "points": 5.84,
                "points_ppr": 5.84,
                "points_half": 5.84,
                "def_sack": 2.77,
                "def_int": 0.68,
                "def_td": 0.15,
                "def_pa": 23.73,
                "def_tyda": 334.13,
                "def_safety": 0,
                "def_ff": 0.73,
                "def_fr": 0.41,
                "def_retd": 0
            }
        },
        {
            "fpid": 8110,
            "mflid": 523,
            "name": "Green Bay Packers",
            "position_id": "DST",
            "team_id": "GB",
            "filename": "green-bay-defense.php",
            "stats": {
                "points": 5.78,
                "points_ppr": 5.78,
                "points_half": 5.78,
                "def_sack": 2.47,
                "def_int": 0.75,
                "def_td": 0.14,
                "def_pa": 21.98,
                "def_tyda": 357.23,
                "def_safety": 0,
                "def_ff": 0.75,
                "def_fr": 0.49,
                "def_retd": 0
            }
        },
        {
            "fpid": 8070,
            "mflid": 507,
            "name": "Cleveland Browns",
            "position_id": "DST",
            "team_id": "CLE",
            "filename": "cleveland-defense.php",
            "stats": {
                "points": 5.77,
                "points_ppr": 5.77,
                "points_half": 5.77,
                "def_sack": 2.6,
                "def_int": 0.61,
                "def_td": 0.14,
                "def_pa": 24.53,
                "def_tyda": 341.47,
                "def_safety": 0,
                "def_ff": 0.78,
                "def_fr": 0.55,
                "def_retd": 0
            }
        },
        {
            "fpid": 8080,
            "mflid": 516,
            "name": "Dallas Cowboys",
            "position_id": "DST",
            "team_id": "DAL",
            "filename": "dallas-defense.php",
            "stats": {
                "points": 5.71,
                "points_ppr": 5.71,
                "points_half": 5.71,
                "def_sack": 2.4,
                "def_int": 0.72,
                "def_td": 0.15,
                "def_pa": 22.72,
                "def_tyda": 326.68,
                "def_safety": 0,
                "def_ff": 0.66,
                "def_fr": 0.5,
                "def_retd": 0
            }
        },
        {
            "fpid": 8040,
            "mflid": 527,
            "name": "Carolina Panthers",
            "position_id": "DST",
            "team_id": "CAR",
            "filename": "carolina-defense.php",
            "stats": {
                "points": 5.64,
                "points_ppr": 5.64,
                "points_half": 5.64,
                "def_sack": 2.4,
                "def_int": 0.75,
                "def_td": 0.14,
                "def_pa": 21.54,
                "def_tyda": 326.02,
                "def_safety": 0,
                "def_ff": 0.56,
                "def_fr": 0.46,
                "def_retd": 0
            }
        },
        {
            "fpid": 8030,
            "mflid": 501,
            "name": "Buffalo Bills",
            "position_id": "DST",
            "team_id": "BUF",
            "filename": "buffalo-defense.php",
            "stats": {
                "points": 5.63,
                "points_ppr": 5.63,
                "points_half": 5.63,
                "def_sack": 2.62,
                "def_int": 0.65,
                "def_td": 0.14,
                "def_pa": 22.95,
                "def_tyda": 362.51,
                "def_safety": 0,
                "def_ff": 0.79,
                "def_fr": 0.44,
                "def_retd": 0
            }
        },
        {
            "fpid": 8130,
            "mflid": 502,
            "name": "Indianapolis Colts",
            "position_id": "DST",
            "team_id": "IND",
            "filename": "indianapolis-defense.php",
            "stats": {
                "points": 5.61,
                "points_ppr": 5.61,
                "points_half": 5.61,
                "def_sack": 2.37,
                "def_int": 0.69,
                "def_td": 0.13,
                "def_pa": 22.09,
                "def_tyda": 347.36,
                "def_safety": 0,
                "def_ff": 0.8,
                "def_fr": 0.53,
                "def_retd": 0
            }
        },
        {
            "fpid": 8290,
            "mflid": 525,
            "name": "Tampa Bay Buccaneers",
            "position_id": "DST",
            "team_id": "TB",
            "filename": "tampa-bay-defense.php",
            "stats": {
                "points": 5.5,
                "points_ppr": 5.5,
                "points_half": 5.5,
                "def_sack": 2.17,
                "def_int": 0.71,
                "def_td": 0.14,
                "def_pa": 22.85,
                "def_tyda": 345.72,
                "def_safety": 0,
                "def_ff": 0.9,
                "def_fr": 0.55,
                "def_retd": 0
            }
        },
        {
            "fpid": 8190,
            "mflid": 529,
            "name": "New Orleans Saints",
            "position_id": "DST",
            "team_id": "NO",
            "filename": "new-orleans-defense.php",
            "stats": {
                "points": 5.33,
                "points_ppr": 5.33,
                "points_half": 5.33,
                "def_sack": 2.1,
                "def_int": 0.77,
                "def_td": 0.13,
                "def_pa": 23.89,
                "def_tyda": 353.34,
                "def_safety": 0,
                "def_ff": 0.7,
                "def_fr": 0.44,
                "def_retd": 0
            }
        },
        {
            "fpid": 8140,
            "mflid": 509,
            "name": "Jacksonville Jaguars",
            "position_id": "DST",
            "team_id": "JAC",
            "filename": "jacksonville-defense.php",
            "stats": {
                "points": 5.3,
                "points_ppr": 5.3,
                "points_half": 5.3,
                "def_sack": 1.94,
                "def_int": 0.76,
                "def_td": 0.14,
                "def_pa": 23.07,
                "def_tyda": 345.79,
                "def_safety": 0,
                "def_ff": 0.61,
                "def_fr": 0.49,
                "def_retd": 0
            }
        },
        {
            "fpid": 8060,
            "mflid": 506,
            "name": "Cincinnati Bengals",
            "position_id": "DST",
            "team_id": "CIN",
            "filename": "cincinnati-defense.php",
            "stats": {
                "points": 5.19,
                "points_ppr": 5.19,
                "points_half": 5.19,
                "def_sack": 2.19,
                "def_int": 0.62,
                "def_td": 0.13,
                "def_pa": 26.76,
                "def_tyda": 373.88,
                "def_safety": 0,
                "def_ff": 0.81,
                "def_fr": 0.49,
                "def_retd": 0
            }
        },
        {
            "fpid": 8120,
            "mflid": 532,
            "name": "Houston Texans",
            "position_id": "DST",
            "team_id": "HOU",
            "filename": "houston-defense.php",
            "stats": {
                "points": 5.14,
                "points_ppr": 5.14,
                "points_half": 5.14,
                "def_sack": 2.04,
                "def_int": 0.69,
                "def_td": 0.13,
                "def_pa": 24,
                "def_tyda": 351.93,
                "def_safety": 0,
                "def_ff": 0.62,
                "def_fr": 0.46,
                "def_retd": 0
            }
        },
        {
            "fpid": 8280,
            "mflid": 528,
            "name": "Los Angeles Rams",
            "position_id": "DST",
            "team_id": "LAR",
            "filename": "los-angeles-rams-defense.php",
            "stats": {
                "points": 5.1,
                "points_ppr": 5.1,
                "points_half": 5.1,
                "def_sack": 1.9,
                "def_int": 0.72,
                "def_td": 0.13,
                "def_pa": 25.59,
                "def_tyda": 379.85,
                "def_safety": 0,
                "def_ff": 0.7,
                "def_fr": 0.5,
                "def_retd": 0
            }
        },
        {
            "fpid": 8000,
            "mflid": 519,
            "name": "Arizona Cardinals",
            "position_id": "DST",
            "team_id": "ARI",
            "filename": "arizona-defense.php",
            "stats": {
                "points": 4.98,
                "points_ppr": 4.98,
                "points_half": 4.98,
                "def_sack": 2.09,
                "def_int": 0.64,
                "def_td": 0.12,
                "def_pa": 27.97,
                "def_tyda": 393.83,
                "def_safety": 0,
                "def_ff": 0.63,
                "def_fr": 0.46,
                "def_retd": 0
            }
        }
    ]
}