{
    "season": "2024",
    "week": "4",
    "count": "32",
    "positions": "DST",
    "scoring": "STD",
    "players": [
        {
            "fpid": 8160,
            "mflid": 503,
            "name": "Miami Dolphins",
            "position_id": "DST",
            "team_id": "MIA",
            "filename": "miami-defense.php",
            "stats": {
                "points": 7.95,
                "points_ppr": 7.95,
                "points_half": 7.95,
                "def_sack": 3.3,
                "def_int": 0.8,
                "def_td": 0.15,
                "def_pa": 18.08,
                "def_tyda": 319.68,
                "def_safety": 0,
                "def_ff": 0.77,
                "def_fr": 0.58,
                "def_retd": 0
            }
        },
        {
            "fpid": 8080,
            "mflid": 516,
            "name": "Dallas Cowboys",
            "position_id": "DST",
            "team_id": "DAL",
            "filename": "dallas-defense.php",
            "stats": {
                "points": 7.85,
                "points_ppr": 7.85,
                "points_half": 7.85,
                "def_sack": 3.45,
                "def_int": 0.7,
                "def_td": 0.16,
                "def_pa": 19.78,
                "def_tyda": 325.1,
                "def_safety": 0,
                "def_ff": 0.77,
                "def_fr": 0.51,
                "def_retd": 0
            }
        },
        {
            "fpid": 8070,
            "mflid": 507,
            "name": "Cleveland Browns",
            "position_id": "DST",
            "team_id": "CLE",
            "filename": "cleveland-defense.php",
            "stats": {
                "points": 7.27,
                "points_ppr": 7.27,
                "points_half": 7.27,
                "def_sack": 2.69,
                "def_int": 0.74,
                "def_td": 0.17,
                "def_pa": 18.68,
                "def_tyda": 311.57,
                "def_safety": 0,
                "def_ff": 0.76,
                "def_fr": 0.54,
                "def_retd": 0
            }
        },
        {
            "fpid": 8300,
            "mflid": 508,
            "name": "Tennessee Titans",
            "position_id": "DST",
            "team_id": "TEN",
            "filename": "tennessee-defense.php",
            "stats": {
                "points": 7.21,
                "points_ppr": 7.21,
                "points_half": 7.21,
                "def_sack": 2.25,
                "def_int": 1.06,
                "def_td": 0.16,
                "def_pa": 19.27,
                "def_tyda": 312.06,
                "def_safety": 0,
                "def_ff": 0.64,
                "def_fr": 0.44,
                "def_retd": 0
            }
        },
        {
            "fpid": 8120,
            "mflid": 532,
            "name": "Houston Texans",
            "position_id": "DST",
            "team_id": "HOU",
            "filename": "houston-defense.php",
            "stats": {
                "points": 7.18,
                "points_ppr": 7.18,
                "points_half": 7.18,
                "def_sack": 2.66,
                "def_int": 0.76,
                "def_td": 0.15,
                "def_pa": 18.54,
                "def_tyda": 332.6,
                "def_safety": 0,
                "def_ff": 0.64,
                "def_fr": 0.54,
                "def_retd": 0
            }
        },
        {
            "fpid": 8240,
            "mflid": 510,
            "name": "Pittsburgh Steelers",
            "position_id": "DST",
            "team_id": "PIT",
            "filename": "pittsburgh-defense.php",
            "stats": {
                "points": 7.17,
                "points_ppr": 7.17,
                "points_half": 7.17,
                "def_sack": 2.46,
                "def_int": 0.81,
                "def_td": 0.17,
                "def_pa": 19.35,
                "def_tyda": 339.7,
                "def_safety": 0,
                "def_ff": 0.73,
                "def_fr": 0.54,
                "def_retd": 0
            }
        },
        {
            "fpid": 8270,
            "mflid": 530,
            "name": "San Francisco 49ers",
            "position_id": "DST",
            "team_id": "SF",
            "filename": "san-francisco-defense.php",
            "stats": {
                "points": 7.13,
                "points_ppr": 7.13,
                "points_half": 7.13,
                "def_sack": 2.58,
                "def_int": 0.66,
                "def_td": 0.18,
                "def_pa": 15.73,
                "def_tyda": 317.44,
                "def_safety": 0,
                "def_ff": 0.68,
                "def_fr": 0.56,
                "def_retd": 0
            }
        },
        {
            "fpid": 8210,
            "mflid": 505,
            "name": "New York Jets",
            "position_id": "DST",
            "team_id": "NYJ",
            "filename": "new-york-jets-defense.php",
            "stats": {
                "points": 6.87,
                "points_ppr": 6.87,
                "points_half": 6.87,
                "def_sack": 2,
                "def_int": 0.86,
                "def_td": 0.18,
                "def_pa": 16.66,
                "def_tyda": 316.75,
                "def_safety": 0,
                "def_ff": 0.71,
                "def_fr": 0.54,
                "def_retd": 0
            }
        },
        {
            "fpid": 8110,
            "mflid": 523,
            "name": "Green Bay Packers",
            "position_id": "DST",
            "team_id": "GB",
            "filename": "green-bay-defense.php",
            "stats": {
                "points": 6.78,
                "points_ppr": 6.78,
                "points_half": 6.78,
                "def_sack": 3.04,
                "def_int": 0.9,
                "def_td": 0.15,
                "def_pa": 20.97,
                "def_tyda": 337.01,
                "def_safety": 0,
                "def_ff": 0.73,
                "def_fr": 0.52,
                "def_retd": 0
            }
        },
        {
            "fpid": 8220,
            "mflid": 513,
            "name": "Las Vegas Raiders",
            "position_id": "DST",
            "team_id": "LV",
            "filename": "las-vegas-defense.php",
            "stats": {
                "points": 6.73,
                "points_ppr": 6.73,
                "points_half": 6.73,
                "def_sack": 3.41,
                "def_int": 0.72,
                "def_td": 0.14,
                "def_pa": 20.05,
                "def_tyda": 308.9,
                "def_safety": 0,
                "def_ff": 0.63,
                "def_fr": 0.51,
                "def_retd": 0
            }
        },
        {
            "fpid": 8150,
            "mflid": 512,
            "name": "Kansas City Chiefs",
            "position_id": "DST",
            "team_id": "KC",
            "filename": "kansas-city-defense.php",
            "stats": {
                "points": 6.68,
                "points_ppr": 6.68,
                "points_half": 6.68,
                "def_sack": 2.18,
                "def_int": 0.67,
                "def_td": 0.18,
                "def_pa": 17.74,
                "def_tyda": 325.11,
                "def_safety": 0,
                "def_ff": 0.75,
                "def_fr": 0.53,
                "def_retd": 0
            }
        },
        {
            "fpid": 8230,
            "mflid": 518,
            "name": "Philadelphia Eagles",
            "position_id": "DST",
            "team_id": "PHI",
            "filename": "philadelphia-defense.php",
            "stats": {
                "points": 6.66,
                "points_ppr": 6.66,
                "points_half": 6.66,
                "def_sack": 3.24,
                "def_int": 0.79,
                "def_td": 0.14,
                "def_pa": 21.76,
                "def_tyda": 324.67,
                "def_safety": 0,
                "def_ff": 0.77,
                "def_fr": 0.49,
                "def_retd": 0
            }
        },
        {
            "fpid": 8050,
            "mflid": 521,
            "name": "Chicago Bears",
            "position_id": "DST",
            "team_id": "CHI",
            "filename": "chicago-defense.php",
            "stats": {
                "points": 6.62,
                "points_ppr": 6.62,
                "points_half": 6.62,
                "def_sack": 2.33,
                "def_int": 0.73,
                "def_td": 0.15,
                "def_pa": 19.08,
                "def_tyda": 343.75,
                "def_safety": 0,
                "def_ff": 0.67,
                "def_fr": 0.47,
                "def_retd": 0
            }
        },
        {
            "fpid": 8280,
            "mflid": 528,
            "name": "Los Angeles Rams",
            "position_id": "DST",
            "team_id": "LAR",
            "filename": "los-angeles-rams-defense.php",
            "stats": {
                "points": 6.1,
                "points_ppr": 6.1,
                "points_half": 6.1,
                "def_sack": 2.7,
                "def_int": 0.75,
                "def_td": 0.15,
                "def_pa": 20.82,
                "def_tyda": 345.26,
                "def_safety": 0,
                "def_ff": 0.68,
                "def_fr": 0.51,
                "def_retd": 0
            }
        },
        {
            "fpid": 8100,
            "mflid": 522,
            "name": "Detroit Lions",
            "position_id": "DST",
            "team_id": "DET",
            "filename": "detroit-defense.php",
            "stats": {
                "points": 6.07,
                "points_ppr": 6.07,
                "points_half": 6.07,
                "def_sack": 2.65,
                "def_int": 0.87,
                "def_td": 0.14,
                "def_pa": 21.14,
                "def_tyda": 347.5,
                "def_safety": 0,
                "def_ff": 0.68,
                "def_fr": 0.41,
                "def_retd": 0
            }
        },
        {
            "fpid": 8130,
            "mflid": 502,
            "name": "Indianapolis Colts",
            "position_id": "DST",
            "team_id": "IND",
            "filename": "indianapolis-defense.php",
            "stats": {
                "points": 6.04,
                "points_ppr": 6.04,
                "points_half": 6.04,
                "def_sack": 2.66,
                "def_int": 0.73,
                "def_td": 0.14,
                "def_pa": 20.14,
                "def_tyda": 316.91,
                "def_safety": 0,
                "def_ff": 0.75,
                "def_fr": 0.53,
                "def_retd": 0
            }
        },
        {
            "fpid": 8060,
            "mflid": 506,
            "name": "Cincinnati Bengals",
            "position_id": "DST",
            "team_id": "CIN",
            "filename": "cincinnati-defense.php",
            "stats": {
                "points": 5.9,
                "points_ppr": 5.9,
                "points_half": 5.9,
                "def_sack": 2.38,
                "def_int": 0.8,
                "def_td": 0.15,
                "def_pa": 20.8,
                "def_tyda": 350.84,
                "def_safety": 0,
                "def_ff": 0.85,
                "def_fr": 0.5,
                "def_retd": 0
            }
        },
        {
            "fpid": 8170,
            "mflid": 524,
            "name": "Minnesota Vikings",
            "position_id": "DST",
            "team_id": "MIN",
            "filename": "minnesota-defense.php",
            "stats": {
                "points": 5.88,
                "points_ppr": 5.88,
                "points_half": 5.88,
                "def_sack": 2.47,
                "def_int": 0.78,
                "def_td": 0.14,
                "def_pa": 22.44,
                "def_tyda": 329.06,
                "def_safety": 0,
                "def_ff": 0.67,
                "def_fr": 0.52,
                "def_retd": 0
            }
        },
        {
            "fpid": 8200,
            "mflid": 517,
            "name": "New York Giants",
            "position_id": "DST",
            "team_id": "NYG",
            "filename": "new-york-giants-defense.php",
            "stats": {
                "points": 5.87,
                "points_ppr": 5.87,
                "points_half": 5.87,
                "def_sack": 2.68,
                "def_int": 0.69,
                "def_td": 0.13,
                "def_pa": 24.56,
                "def_tyda": 358.02,
                "def_safety": 0,
                "def_ff": 0.89,
                "def_fr": 0.51,
                "def_retd": 0
            }
        },
        {
            "fpid": 8000,
            "mflid": 519,
            "name": "Arizona Cardinals",
            "position_id": "DST",
            "team_id": "ARI",
            "filename": "arizona-defense.php",
            "stats": {
                "points": 5.84,
                "points_ppr": 5.84,
                "points_half": 5.84,
                "def_sack": 2.54,
                "def_int": 0.65,
                "def_td": 0.15,
                "def_pa": 23.37,
                "def_tyda": 356.77,
                "def_safety": 0,
                "def_ff": 0.64,
                "def_fr": 0.56,
                "def_retd": 0
            }
        },
        {
            "fpid": 8190,
            "mflid": 529,
            "name": "New Orleans Saints",
            "position_id": "DST",
            "team_id": "NO",
            "filename": "new-orleans-defense.php",
            "stats": {
                "points": 5.68,
                "points_ppr": 5.68,
                "points_half": 5.68,
                "def_sack": 2.29,
                "def_int": 0.72,
                "def_td": 0.15,
                "def_pa": 21.07,
                "def_tyda": 350.9,
                "def_safety": 0,
                "def_ff": 0.67,
                "def_fr": 0.53,
                "def_retd": 0
            }
        },
        {
            "fpid": 8310,
            "mflid": 520,
            "name": "Washington Commanders",
            "position_id": "DST",
            "team_id": "WAS",
            "filename": "washington-defense.php",
            "stats": {
                "points": 5.59,
                "points_ppr": 5.59,
                "points_half": 5.59,
                "def_sack": 2.57,
                "def_int": 0.65,
                "def_td": 0.13,
                "def_pa": 26.91,
                "def_tyda": 357.04,
                "def_safety": 0,
                "def_ff": 0.7,
                "def_fr": 0.48,
                "def_retd": 0
            }
        },
        {
            "fpid": 8030,
            "mflid": 501,
            "name": "Buffalo Bills",
            "position_id": "DST",
            "team_id": "BUF",
            "filename": "buffalo-defense.php",
            "stats": {
                "points": 5.55,
                "points_ppr": 5.55,
                "points_half": 5.55,
                "def_sack": 2.4,
                "def_int": 0.69,
                "def_td": 0.13,
                "def_pa": 24.03,
                "def_tyda": 357.04,
                "def_safety": 0,
                "def_ff": 0.75,
                "def_fr": 0.49,
                "def_retd": 0
            }
        },
        {
            "fpid": 8290,
            "mflid": 525,
            "name": "Tampa Bay Buccaneers",
            "position_id": "DST",
            "team_id": "TB",
            "filename": "tampa-bay-defense.php",
            "stats": {
                "points": 5.53,
                "points_ppr": 5.53,
                "points_half": 5.53,
                "def_sack": 2.23,
                "def_int": 0.73,
                "def_td": 0.13,
                "def_pa": 23.55,
                "def_tyda": 347.53,
                "def_safety": 0,
                "def_ff": 0.82,
                "def_fr": 0.52,
                "def_retd": 0
            }
        },
        {
            "fpid": 8140,
            "mflid": 509,
            "name": "Jacksonville Jaguars",
            "position_id": "DST",
            "team_id": "JAC",
            "filename": "jacksonville-defense.php",
            "stats": {
                "points": 5.52,
                "points_ppr": 5.52,
                "points_half": 5.52,
                "def_sack": 2.63,
                "def_int": 0.63,
                "def_td": 0.13,
                "def_pa": 25.73,
                "def_tyda": 364.18,
                "def_safety": 0,
                "def_ff": 0.64,
                "def_fr": 0.43,
                "def_retd": 0
            }
        },
        {
            "fpid": 8020,
            "mflid": 531,
            "name": "Baltimore Ravens",
            "position_id": "DST",
            "team_id": "BAL",
            "filename": "baltimore-defense.php",
            "stats": {
                "points": 5.51,
                "points_ppr": 5.51,
                "points_half": 5.51,
                "def_sack": 2.08,
                "def_int": 0.77,
                "def_td": 0.15,
                "def_pa": 23,
                "def_tyda": 355.39,
                "def_safety": 0,
                "def_ff": 0.72,
                "def_fr": 0.49,
                "def_retd": 0
            }
        },
        {
            "fpid": 8180,
            "mflid": 504,
            "name": "New England Patriots",
            "position_id": "DST",
            "team_id": "NE",
            "filename": "new-england-defense.php",
            "stats": {
                "points": 5.28,
                "points_ppr": 5.28,
                "points_half": 5.28,
                "def_sack": 2.17,
                "def_int": 0.66,
                "def_td": 0.13,
                "def_pa": 26.42,
                "def_tyda": 367.11,
                "def_safety": 0,
                "def_ff": 0.8,
                "def_fr": 0.5,
                "def_retd": 0
            }
        },
        {
            "fpid": 8250,
            "mflid": 514,
            "name": "Los Angeles Chargers",
            "position_id": "DST",
            "team_id": "LAC",
            "filename": "los-angeles-chargers-defense.php",
            "stats": {
                "points": 5.21,
                "points_ppr": 5.21,
                "points_half": 5.21,
                "def_sack": 1.93,
                "def_int": 0.74,
                "def_td": 0.14,
                "def_pa": 23.28,
                "def_tyda": 354.59,
                "def_safety": 0,
                "def_ff": 0.77,
                "def_fr": 0.49,
                "def_retd": 0
            }
        },
        {
            "fpid": 8260,
            "mflid": 515,
            "name": "Seattle Seahawks",
            "position_id": "DST",
            "team_id": "SEA",
            "filename": "seattle-defense.php",
            "stats": {
                "points": 5.19,
                "points_ppr": 5.19,
                "points_half": 5.19,
                "def_sack": 2.14,
                "def_int": 0.69,
                "def_td": 0.13,
                "def_pa": 25.25,
                "def_tyda": 343.03,
                "def_safety": 0,
                "def_ff": 0.81,
                "def_fr": 0.46,
                "def_retd": 0
            }
        },
        {
            "fpid": 8040,
            "mflid": 527,
            "name": "Carolina Panthers",
            "position_id": "DST",
            "team_id": "CAR",
            "filename": "carolina-defense.php",
            "stats": {
                "points": 5.18,
                "points_ppr": 5.18,
                "points_half": 5.18,
                "def_sack": 2.33,
                "def_int": 0.65,
                "def_td": 0.12,
                "def_pa": 25.41,
                "def_tyda": 346.47,
                "def_safety": 0,
                "def_ff": 0.61,
                "def_fr": 0.41,
                "def_retd": 0
            }
        },
        {
            "fpid": 8010,
            "mflid": 526,
            "name": "Atlanta Falcons",
            "position_id": "DST",
            "team_id": "ATL",
            "filename": "atlanta-defense.php",
            "stats": {
                "points": 5.17,
                "points_ppr": 5.17,
                "points_half": 5.17,
                "def_sack": 2,
                "def_int": 0.71,
                "def_td": 0.14,
                "def_pa": 21.04,
                "def_tyda": 332.97,
                "def_safety": 0,
                "def_ff": 0.66,
                "def_fr": 0.44,
                "def_retd": 0
            }
        },
        {
            "fpid": 8090,
            "mflid": 511,
            "name": "Denver Broncos",
            "position_id": "DST",
            "team_id": "DEN",
            "filename": "denver-defense.php",
            "stats": {
                "points": 5.14,
                "points_ppr": 5.14,
                "points_half": 5.14,
                "def_sack": 2.32,
                "def_int": 0.51,
                "def_td": 0.14,
                "def_pa": 23.35,
                "def_tyda": 331.27,
                "def_safety": 0,
                "def_ff": 0.8,
                "def_fr": 0.49,
                "def_retd": 0
            }
        }
    ]
}