{
    "season": "2024",
    "week": "6",
    "count": "28",
    "positions": "DST",
    "scoring": "STD",
    "players": [
        {
            "fpid": 8230,
            "mflid": 518,
            "name": "Philadelphia Eagles",
            "position_id": "DST",
            "team_id": "PHI",
            "filename": "philadelphia-defense.php",
            "stats": {
                "points": 8.38,
                "points_ppr": 8.38,
                "points_half": 8.38,
                "def_sack": 3.83,
                "def_int": 0.78,
                "def_td": 0.16,
                "def_pa": 18.25,
                "def_tyda": 289.36,
                "def_safety": 0,
                "def_ff": 0.71,
                "def_fr": 0.52,
                "def_retd": 0
            }
        },
        {
            "fpid": 8130,
            "mflid": 502,
            "name": "Indianapolis Colts",
            "position_id": "DST",
            "team_id": "IND",
            "filename": "indianapolis-defense.php",
            "stats": {
                "points": 7.53,
                "points_ppr": 7.53,
                "points_half": 7.53,
                "def_sack": 2.97,
                "def_int": 0.79,
                "def_td": 0.15,
                "def_pa": 19.76,
                "def_tyda": 334.82,
                "def_safety": 0,
                "def_ff": 0.85,
                "def_fr": 0.54,
                "def_retd": 0
            }
        },
        {
            "fpid": 8120,
            "mflid": 532,
            "name": "Houston Texans",
            "position_id": "DST",
            "team_id": "HOU",
            "filename": "houston-defense.php",
            "stats": {
                "points": 7.14,
                "points_ppr": 7.14,
                "points_half": 7.14,
                "def_sack": 2.7,
                "def_int": 0.69,
                "def_td": 0.16,
                "def_pa": 16.33,
                "def_tyda": 298.81,
                "def_safety": 0,
                "def_ff": 0.58,
                "def_fr": 0.55,
                "def_retd": 0
            }
        },
        {
            "fpid": 8240,
            "mflid": 510,
            "name": "Pittsburgh Steelers",
            "position_id": "DST",
            "team_id": "PIT",
            "filename": "pittsburgh-defense.php",
            "stats": {
                "points": 7.03,
                "points_ppr": 7.03,
                "points_half": 7.03,
                "def_sack": 2.52,
                "def_int": 0.7,
                "def_td": 0.17,
                "def_pa": 17.45,
                "def_tyda": 317.9,
                "def_safety": 0,
                "def_ff": 0.8,
                "def_fr": 0.54,
                "def_retd": 0
            }
        },
        {
            "fpid": 8010,
            "mflid": 526,
            "name": "Atlanta Falcons",
            "position_id": "DST",
            "team_id": "ATL",
            "filename": "atlanta-defense.php",
            "stats": {
                "points": 6.67,
                "points_ppr": 6.67,
                "points_half": 6.67,
                "def_sack": 2.29,
                "def_int": 0.82,
                "def_td": 0.14,
                "def_pa": 19.97,
                "def_tyda": 330.33,
                "def_safety": 0,
                "def_ff": 0.7,
                "def_fr": 0.44,
                "def_retd": 0
            }
        },
        {
            "fpid": 8030,
            "mflid": 501,
            "name": "Buffalo Bills",
            "position_id": "DST",
            "team_id": "BUF",
            "filename": "buffalo-defense.php",
            "stats": {
                "points": 6.62,
                "points_ppr": 6.62,
                "points_half": 6.62,
                "def_sack": 2.48,
                "def_int": 0.63,
                "def_td": 0.14,
                "def_pa": 19.26,
                "def_tyda": 327.98,
                "def_safety": 0,
                "def_ff": 0.78,
                "def_fr": 0.51,
                "def_retd": 0
            }
        },
        {
            "fpid": 8090,
            "mflid": 511,
            "name": "Denver Broncos",
            "position_id": "DST",
            "team_id": "DEN",
            "filename": "denver-defense.php",
            "stats": {
                "points": 6.36,
                "points_ppr": 6.36,
                "points_half": 6.36,
                "def_sack": 2.26,
                "def_int": 0.6,
                "def_td": 0.15,
                "def_pa": 18.43,
                "def_tyda": 310.53,
                "def_safety": 0,
                "def_ff": 0.75,
                "def_fr": 0.51,
                "def_retd": 0
            }
        },
        {
            "fpid": 8250,
            "mflid": 514,
            "name": "Los Angeles Chargers",
            "position_id": "DST",
            "team_id": "LAC",
            "filename": "los-angeles-chargers-defense.php",
            "stats": {
                "points": 6.34,
                "points_ppr": 6.34,
                "points_half": 6.34,
                "def_sack": 1.83,
                "def_int": 0.78,
                "def_td": 0.15,
                "def_pa": 16.37,
                "def_tyda": 318.28,
                "def_safety": 0,
                "def_ff": 0.75,
                "def_fr": 0.51,
                "def_retd": 0
            }
        },
        {
            "fpid": 8270,
            "mflid": 530,
            "name": "San Francisco 49ers",
            "position_id": "DST",
            "team_id": "SF",
            "filename": "san-francisco-defense.php",
            "stats": {
                "points": 6.3,
                "points_ppr": 6.3,
                "points_half": 6.3,
                "def_sack": 2.78,
                "def_int": 0.84,
                "def_td": 0.15,
                "def_pa": 21.27,
                "def_tyda": 363.34,
                "def_safety": 0,
                "def_ff": 0.86,
                "def_fr": 0.46,
                "def_retd": 0
            }
        },
        {
            "fpid": 8190,
            "mflid": 529,
            "name": "New Orleans Saints",
            "position_id": "DST",
            "team_id": "NO",
            "filename": "new-orleans-defense.php",
            "stats": {
                "points": 6.26,
                "points_ppr": 6.26,
                "points_half": 6.26,
                "def_sack": 2.91,
                "def_int": 0.76,
                "def_td": 0.14,
                "def_pa": 21.76,
                "def_tyda": 343.62,
                "def_safety": 0,
                "def_ff": 0.72,
                "def_fr": 0.49,
                "def_retd": 0
            }
        },
        {
            "fpid": 8020,
            "mflid": 531,
            "name": "Baltimore Ravens",
            "position_id": "DST",
            "team_id": "BAL",
            "filename": "baltimore-defense.php",
            "stats": {
                "points": 6.26,
                "points_ppr": 6.26,
                "points_half": 6.26,
                "def_sack": 2.94,
                "def_int": 0.71,
                "def_td": 0.15,
                "def_pa": 24.07,
                "def_tyda": 357.99,
                "def_safety": 0,
                "def_ff": 0.72,
                "def_fr": 0.51,
                "def_retd": 0
            }
        },
        {
            "fpid": 8060,
            "mflid": 506,
            "name": "Cincinnati Bengals",
            "position_id": "DST",
            "team_id": "CIN",
            "filename": "cincinnati-defense.php",
            "stats": {
                "points": 6.25,
                "points_ppr": 6.25,
                "points_half": 6.25,
                "def_sack": 3,
                "def_int": 0.68,
                "def_td": 0.14,
                "def_pa": 22.93,
                "def_tyda": 325.16,
                "def_safety": 0,
                "def_ff": 0.77,
                "def_fr": 0.52,
                "def_retd": 0
            }
        },
        {
            "fpid": 8140,
            "mflid": 509,
            "name": "Jacksonville Jaguars",
            "position_id": "DST",
            "team_id": "JAC",
            "filename": "jacksonville-defense.php",
            "stats": {
                "points": 5.99,
                "points_ppr": 5.99,
                "points_half": 5.99,
                "def_sack": 2.66,
                "def_int": 0.76,
                "def_td": 0.14,
                "def_pa": 23.04,
                "def_tyda": 339.25,
                "def_safety": 0,
                "def_ff": 0.62,
                "def_fr": 0.49,
                "def_retd": 0
            }
        },
        {
            "fpid": 8100,
            "mflid": 522,
            "name": "Detroit Lions",
            "position_id": "DST",
            "team_id": "DET",
            "filename": "detroit-defense.php",
            "stats": {
                "points": 5.99,
                "points_ppr": 5.99,
                "points_half": 5.99,
                "def_sack": 2.61,
                "def_int": 0.82,
                "def_td": 0.13,
                "def_pa": 24.11,
                "def_tyda": 370.73,
                "def_safety": 0,
                "def_ff": 0.71,
                "def_fr": 0.49,
                "def_retd": 0
            }
        },
        {
            "fpid": 8220,
            "mflid": 513,
            "name": "Las Vegas Raiders",
            "position_id": "DST",
            "team_id": "LV",
            "filename": "las-vegas-defense.php",
            "stats": {
                "points": 5.99,
                "points_ppr": 5.99,
                "points_half": 5.99,
                "def_sack": 2.84,
                "def_int": 0.67,
                "def_td": 0.14,
                "def_pa": 21.32,
                "def_tyda": 311.6,
                "def_safety": 0,
                "def_ff": 0.58,
                "def_fr": 0.49,
                "def_retd": 0
            }
        },
        {
            "fpid": 8070,
            "mflid": 507,
            "name": "Cleveland Browns",
            "position_id": "DST",
            "team_id": "CLE",
            "filename": "cleveland-defense.php",
            "stats": {
                "points": 5.81,
                "points_ppr": 5.81,
                "points_half": 5.81,
                "def_sack": 2.51,
                "def_int": 0.71,
                "def_td": 0.14,
                "def_pa": 24.49,
                "def_tyda": 344.08,
                "def_safety": 0,
                "def_ff": 0.85,
                "def_fr": 0.53,
                "def_retd": 0
            }
        },
        {
            "fpid": 8050,
            "mflid": 521,
            "name": "Chicago Bears",
            "position_id": "DST",
            "team_id": "CHI",
            "filename": "chicago-defense.php",
            "stats": {
                "points": 5.69,
                "points_ppr": 5.69,
                "points_half": 5.69,
                "def_sack": 2.34,
                "def_int": 0.73,
                "def_td": 0.14,
                "def_pa": 20.54,
                "def_tyda": 343.77,
                "def_safety": 0,
                "def_ff": 0.7,
                "def_fr": 0.52,
                "def_retd": 0
            }
        },
        {
            "fpid": 8290,
            "mflid": 525,
            "name": "Tampa Bay Buccaneers",
            "position_id": "DST",
            "team_id": "TB",
            "filename": "tampa-bay-defense.php",
            "stats": {
                "points": 5.65,
                "points_ppr": 5.65,
                "points_half": 5.65,
                "def_sack": 2.23,
                "def_int": 0.77,
                "def_td": 0.14,
                "def_pa": 21.83,
                "def_tyda": 338.26,
                "def_safety": 0,
                "def_ff": 0.91,
                "def_fr": 0.51,
                "def_retd": 0
            }
        },
        {
            "fpid": 8300,
            "mflid": 508,
            "name": "Tennessee Titans",
            "position_id": "DST",
            "team_id": "TEN",
            "filename": "tennessee-defense.php",
            "stats": {
                "points": 5.64,
                "points_ppr": 5.64,
                "points_half": 5.64,
                "def_sack": 2.19,
                "def_int": 0.79,
                "def_td": 0.14,
                "def_pa": 21.79,
                "def_tyda": 339.35,
                "def_safety": 0,
                "def_ff": 0.64,
                "def_fr": 0.51,
                "def_retd": 0
            }
        },
        {
            "fpid": 8200,
            "mflid": 517,
            "name": "New York Giants",
            "position_id": "DST",
            "team_id": "NYG",
            "filename": "new-york-giants-defense.php",
            "stats": {
                "points": 5.63,
                "points_ppr": 5.63,
                "points_half": 5.63,
                "def_sack": 2.66,
                "def_int": 0.64,
                "def_td": 0.13,
                "def_pa": 24.78,
                "def_tyda": 364.29,
                "def_safety": 0,
                "def_ff": 0.9,
                "def_fr": 0.45,
                "def_retd": 0
            }
        },
        {
            "fpid": 8260,
            "mflid": 515,
            "name": "Seattle Seahawks",
            "position_id": "DST",
            "team_id": "SEA",
            "filename": "seattle-defense.php",
            "stats": {
                "points": 5.57,
                "points_ppr": 5.57,
                "points_half": 5.57,
                "def_sack": 2.41,
                "def_int": 0.71,
                "def_td": 0.12,
                "def_pa": 24.42,
                "def_tyda": 395.5,
                "def_safety": 0,
                "def_ff": 0.81,
                "def_fr": 0.51,
                "def_retd": 0
            }
        },
        {
            "fpid": 8110,
            "mflid": 523,
            "name": "Green Bay Packers",
            "position_id": "DST",
            "team_id": "GB",
            "filename": "green-bay-defense.php",
            "stats": {
                "points": 5.52,
                "points_ppr": 5.52,
                "points_half": 5.52,
                "def_sack": 2.31,
                "def_int": 0.7,
                "def_td": 0.14,
                "def_pa": 21.38,
                "def_tyda": 343.15,
                "def_safety": 0,
                "def_ff": 0.73,
                "def_fr": 0.5,
                "def_retd": 0
            }
        },
        {
            "fpid": 8310,
            "mflid": 520,
            "name": "Washington Commanders",
            "position_id": "DST",
            "team_id": "WAS",
            "filename": "washington-defense.php",
            "stats": {
                "points": 5.45,
                "points_ppr": 5.45,
                "points_half": 5.45,
                "def_sack": 2.54,
                "def_int": 0.59,
                "def_td": 0.12,
                "def_pa": 27.87,
                "def_tyda": 383.2,
                "def_safety": 0,
                "def_ff": 0.8,
                "def_fr": 0.49,
                "def_retd": 0
            }
        },
        {
            "fpid": 8180,
            "mflid": 504,
            "name": "New England Patriots",
            "position_id": "DST",
            "team_id": "NE",
            "filename": "new-england-defense.php",
            "stats": {
                "points": 5.33,
                "points_ppr": 5.33,
                "points_half": 5.33,
                "def_sack": 2.31,
                "def_int": 0.65,
                "def_td": 0.14,
                "def_pa": 23.17,
                "def_tyda": 363.01,
                "def_safety": 0,
                "def_ff": 0.74,
                "def_fr": 0.45,
                "def_retd": 0
            }
        },
        {
            "fpid": 8210,
            "mflid": 505,
            "name": "New York Jets",
            "position_id": "DST",
            "team_id": "NYJ",
            "filename": "new-york-jets-defense.php",
            "stats": {
                "points": 5.06,
                "points_ppr": 5.06,
                "points_half": 5.06,
                "def_sack": 1.84,
                "def_int": 0.68,
                "def_td": 0.15,
                "def_pa": 21.59,
                "def_tyda": 329.26,
                "def_safety": 0,
                "def_ff": 0.72,
                "def_fr": 0.48,
                "def_retd": 0
            }
        },
        {
            "fpid": 8000,
            "mflid": 519,
            "name": "Arizona Cardinals",
            "position_id": "DST",
            "team_id": "ARI",
            "filename": "arizona-defense.php",
            "stats": {
                "points": 5.02,
                "points_ppr": 5.02,
                "points_half": 5.02,
                "def_sack": 1.79,
                "def_int": 0.75,
                "def_td": 0.12,
                "def_pa": 25.57,
                "def_tyda": 376.79,
                "def_safety": 0,
                "def_ff": 0.62,
                "def_fr": 0.49,
                "def_retd": 0
            }
        },
        {
            "fpid": 8080,
            "mflid": 516,
            "name": "Dallas Cowboys",
            "position_id": "DST",
            "team_id": "DAL",
            "filename": "dallas-defense.php",
            "stats": {
                "points": 4.92,
                "points_ppr": 4.92,
                "points_half": 4.92,
                "def_sack": 1.95,
                "def_int": 0.66,
                "def_td": 0.14,
                "def_pa": 25.85,
                "def_tyda": 359.22,
                "def_safety": 0,
                "def_ff": 0.71,
                "def_fr": 0.42,
                "def_retd": 0
            }
        },
        {
            "fpid": 8040,
            "mflid": 527,
            "name": "Carolina Panthers",
            "position_id": "DST",
            "team_id": "CAR",
            "filename": "carolina-defense.php",
            "stats": {
                "points": 4.84,
                "points_ppr": 4.84,
                "points_half": 4.84,
                "def_sack": 1.86,
                "def_int": 0.68,
                "def_td": 0.12,
                "def_pa": 26.79,
                "def_tyda": 383.43,
                "def_safety": 0,
                "def_ff": 0.6,
                "def_fr": 0.44,
                "def_retd": 0
            }
        }
    ]
}