{
    "season": "2024",
    "week": "8",
    "count": "63",
    "positions": "K",
    "scoring": "STD",
    "players": [
        {
            "fpid": 13029,
            "mflid": 11936,
            "name": "Chris Boswell",
            "position_id": "K",
            "team_id": "PIT",
            "filename": "chris-boswell.php",
            "stats": {
                "points": 8.54,
                "points_ppr": 8.54,
                "points_half": 8.54,
                "fga": 2.18,
                "fg": 2.09,
                "xpt": 2.27
            }
        },
        {
            "fpid": 16026,
            "mflid": 12956,
            "name": "Wil Lutz",
            "position_id": "K",
            "team_id": "DEN",
            "filename": "wil-lutz.php",
            "stats": {
                "points": 8.54,
                "points_ppr": 8.54,
                "points_half": 8.54,
                "fga": 2.14,
                "fg": 2.06,
                "xpt": 2.36
            }
        },
        {
            "fpid": 26075,
            "mflid": 16846,
            "name": "Jake Bates",
            "position_id": "K",
            "team_id": "DET",
            "filename": "jake-bates.php",
            "stats": {
                "points": 8.47,
                "points_ppr": 8.47,
                "points_half": 8.47,
                "fga": 2.11,
                "fg": 1.81,
                "xpt": 3.04
            }
        },
        {
            "fpid": 11465,
            "mflid": 10976,
            "name": "Justin Tucker",
            "position_id": "K",
            "team_id": "BAL",
            "filename": "justin-tucker.php",
            "stats": {
                "points": 8.46,
                "points_ppr": 8.46,
                "points_half": 8.46,
                "fga": 1.98,
                "fg": 1.79,
                "xpt": 3.08
            }
        },
        {
            "fpid": 16712,
            "mflid": 13354,
            "name": "Harrison Butker",
            "position_id": "K",
            "team_id": "KC",
            "filename": "harrison-butker.php",
            "stats": {
                "points": 8.31,
                "points_ppr": 8.31,
                "points_half": 8.31,
                "fga": 1.99,
                "fg": 1.81,
                "xpt": 2.89
            }
        },
        {
            "fpid": 15756,
            "mflid": 12860,
            "name": "Ka'imi Fairbairn",
            "position_id": "K",
            "team_id": "HOU",
            "filename": "kaimi-fairbairn.php",
            "stats": {
                "points": 8.31,
                "points_ppr": 8.31,
                "points_half": 8.31,
                "fga": 2.13,
                "fg": 1.87,
                "xpt": 2.69
            }
        },
        {
            "fpid": 18689,
            "mflid": 14258,
            "name": "Austin Seibert",
            "position_id": "K",
            "team_id": "WAS",
            "filename": "austin-seibert.php",
            "stats": {
                "points": 8.21,
                "points_ppr": 8.21,
                "points_half": 8.21,
                "fga": 1.91,
                "fg": 1.93,
                "xpt": 2.42
            }
        },
        {
            "fpid": 16910,
            "mflid": 13403,
            "name": "Younghoe Koo",
            "position_id": "K",
            "team_id": "ATL",
            "filename": "younghoe-koo.php",
            "stats": {
                "points": 8.04,
                "points_ppr": 8.04,
                "points_half": 8.04,
                "fga": 2.06,
                "fg": 1.82,
                "xpt": 2.57
            }
        },
        {
            "fpid": 23297,
            "mflid": 15368,
            "name": "Evan McPherson",
            "position_id": "K",
            "team_id": "CIN",
            "filename": "evan-mcpherson.php",
            "stats": {
                "points": 7.99,
                "points_ppr": 7.99,
                "points_half": 7.99,
                "fga": 2.05,
                "fg": 1.81,
                "xpt": 2.56
            }
        },
        {
            "fpid": 23901,
            "mflid": 15979,
            "name": "Cameron Dicker",
            "position_id": "K",
            "team_id": "LAC",
            "filename": "cameron-dicker.php",
            "stats": {
                "points": 7.96,
                "points_ppr": 7.96,
                "points_half": 7.96,
                "fga": 2.17,
                "fg": 1.88,
                "xpt": 2.33
            }
        },
        {
            "fpid": 13274,
            "mflid": 11947,
            "name": "Brandon McManus",
            "position_id": "K",
            "team_id": "GB",
            "filename": "brandon-mcmanus.php",
            "stats": {
                "points": 7.91,
                "points_ppr": 7.91,
                "points_half": 7.91,
                "fga": 1.85,
                "fg": 1.71,
                "xpt": 2.79
            }
        },
        {
            "fpid": 16540,
            "mflid": 13303,
            "name": "Jake Elliott",
            "position_id": "K",
            "team_id": "PHI",
            "filename": "jake-elliott.php",
            "stats": {
                "points": 7.81,
                "points_ppr": 7.81,
                "points_half": 7.81,
                "fga": 1.98,
                "fg": 1.71,
                "xpt": 2.69
            }
        },
        {
            "fpid": 19058,
            "mflid": 14717,
            "name": "Chase McLaughlin",
            "position_id": "K",
            "team_id": "TB",
            "filename": "chase-mclaughlin.php",
            "stats": {
                "points": 7.7,
                "points_ppr": 7.7,
                "points_half": 7.7,
                "fga": 1.93,
                "fg": 1.79,
                "xpt": 2.34
            }
        },
        {
            "fpid": 26068,
            "mflid": 16414,
            "name": "Brandon Aubrey",
            "position_id": "K",
            "team_id": "DAL",
            "filename": "brandon-aubrey.php",
            "stats": {
                "points": 7.68,
                "points_ppr": 7.68,
                "points_half": 7.68,
                "fga": 2.01,
                "fg": 1.83,
                "xpt": 2.2
            }
        },
        {
            "fpid": 13731,
            "mflid": 11945,
            "name": "Cairo Santos",
            "position_id": "K",
            "team_id": "CHI",
            "filename": "cairo-santos.php",
            "stats": {
                "points": 7.64,
                "points_ppr": 7.64,
                "points_half": 7.64,
                "fga": 1.99,
                "fg": 1.75,
                "xpt": 2.39
            }
        },
        {
            "fpid": 19760,
            "mflid": 14983,
            "name": "Tyler Bass",
            "position_id": "K",
            "team_id": "BUF",
            "filename": "tyler-bass.php",
            "stats": {
                "points": 7.54,
                "points_ppr": 7.54,
                "points_half": 7.54,
                "fga": 1.75,
                "fg": 1.63,
                "xpt": 2.65
            }
        },
        {
            "fpid": 24009,
            "mflid": 16286,
            "name": "Jake Moody",
            "position_id": "K",
            "team_id": "SF",
            "filename": "jake-moody.php",
            "stats": {
                "points": 7.45,
                "points_ppr": 7.45,
                "points_half": 7.45,
                "fga": 1.91,
                "fg": 1.63,
                "xpt": 2.56
            }
        },
        {
            "fpid": 26341,
            "mflid": 16681,
            "name": "Will Reichard",
            "position_id": "K",
            "team_id": "MIN",
            "filename": "will-reichard.php",
            "stats": {
                "points": 7.35,
                "points_ppr": 7.35,
                "points_half": 7.35,
                "fga": 2.15,
                "fg": 1.54,
                "xpt": 2.73
            }
        },
        {
            "fpid": 14003,
            "mflid": 12437,
            "name": "Jason Myers",
            "position_id": "K",
            "team_id": "SEA",
            "filename": "jason-myers.php",
            "stats": {
                "points": 7.3,
                "points_ppr": 7.3,
                "points_half": 7.3,
                "fga": 1.94,
                "fg": 1.69,
                "xpt": 2.24
            }
        },
        {
            "fpid": 26475,
            "mflid": 16680,
            "name": "Cam Little",
            "position_id": "K",
            "team_id": "JAC",
            "filename": "cam-little.php",
            "stats": {
                "points": 7.13,
                "points_ppr": 7.13,
                "points_half": 7.13,
                "fga": 1.98,
                "fg": 1.66,
                "xpt": 2.15
            }
        },
        {
            "fpid": 26478,
            "mflid": 16775,
            "name": "Joshua Karty",
            "position_id": "K",
            "team_id": "LAR",
            "filename": "joshua-karty.php",
            "stats": {
                "points": 7.07,
                "points_ppr": 7.07,
                "points_half": 7.07,
                "fga": 2.09,
                "fg": 1.71,
                "xpt": 1.95
            }
        },
        {
            "fpid": 18545,
            "mflid": 14244,
            "name": "Matt Gay",
            "position_id": "K",
            "team_id": "IND",
            "filename": "matt-gay.php",
            "stats": {
                "points": 7.03,
                "points_ppr": 7.03,
                "points_half": 7.03,
                "fga": 1.99,
                "fg": 1.68,
                "xpt": 1.99
            }
        },
        {
            "fpid": 25354,
            "mflid": 16292,
            "name": "Chad Ryland",
            "position_id": "K",
            "team_id": "ARI",
            "filename": "chad-ryland.php",
            "stats": {
                "points": 7.01,
                "points_ppr": 7.01,
                "points_half": 7.01,
                "fga": 1.91,
                "fg": 1.66,
                "xpt": 2.03
            }
        },
        {
            "fpid": 19028,
            "mflid": 14600,
            "name": "Joey Slye",
            "position_id": "K",
            "team_id": "NE",
            "filename": "joey-slye.php",
            "stats": {
                "points": 6.97,
                "points_ppr": 6.97,
                "points_half": 6.97,
                "fga": 1.99,
                "fg": 1.72,
                "xpt": 1.81
            }
        },
        {
            "fpid": 17533,
            "mflid": 13832,
            "name": "Jason Sanders",
            "position_id": "K",
            "team_id": "MIA",
            "filename": "jason-sanders.php",
            "stats": {
                "points": 6.86,
                "points_ppr": 6.86,
                "points_half": 6.86,
                "fga": 1.95,
                "fg": 1.41,
                "xpt": 2.65
            }
        },
        {
            "fpid": 11345,
            "mflid": 10868,
            "name": "Greg Zuerlein",
            "position_id": "K",
            "team_id": "NYJ",
            "filename": "greg-zuerlein.php",
            "stats": {
                "points": 6.62,
                "points_ppr": 6.62,
                "points_half": 6.62,
                "fga": 1.87,
                "fg": 1.42,
                "xpt": 2.37
            }
        },
        {
            "fpid": 9491,
            "mflid": 8851,
            "name": "Nick Folk",
            "position_id": "K",
            "team_id": "TEN",
            "filename": "nick-folk.php",
            "stats": {
                "points": 6.4,
                "points_ppr": 6.4,
                "points_half": 6.4,
                "fga": 2.06,
                "fg": 1.57,
                "xpt": 1.71
            }
        },
        {
            "fpid": 17647,
            "mflid": 13898,
            "name": "Greg Joseph",
            "position_id": "K",
            "team_id": "NYG",
            "filename": "greg-joseph.php",
            "stats": {
                "points": 6.35,
                "points_ppr": 6.35,
                "points_half": 6.35,
                "fga": 1.81,
                "fg": 1.62,
                "xpt": 1.49
            }
        },
        {
            "fpid": 25533,
            "mflid": 16444,
            "name": "Blake Grupe",
            "position_id": "K",
            "team_id": "NO",
            "filename": "blake-grupe.php",
            "stats": {
                "points": 6.28,
                "points_ppr": 6.28,
                "points_half": 6.28,
                "fga": 2.09,
                "fg": 1.51,
                "xpt": 1.74
            }
        },
        {
            "fpid": 25465,
            "mflid": 16339,
            "name": "Anders Carlson",
            "position_id": "K",
            "team_id": "SF",
            "filename": "anders-carlson.php",
            "stats": {
                "points": 6.25,
                "points_ppr": 6.25,
                "points_half": 6.25,
                "fga": 0.86,
                "fg": 1.35,
                "xpt": 2.2
            }
        },
        {
            "fpid": 11818,
            "mflid": 11387,
            "name": "Dustin Hopkins",
            "position_id": "K",
            "team_id": "CLE",
            "filename": "dustin-hopkins.php",
            "stats": {
                "points": 6.11,
                "points_ppr": 6.11,
                "points_half": 6.11,
                "fga": 1.96,
                "fg": 1.45,
                "xpt": 1.77
            }
        },
        {
            "fpid": 17420,
            "mflid": 13718,
            "name": "Daniel Carlson",
            "position_id": "K",
            "team_id": "LV",
            "filename": "daniel-carlson.php",
            "stats": {
                "points": 6.05,
                "points_ppr": 6.05,
                "points_half": 6.05,
                "fga": 1.91,
                "fg": 1.46,
                "xpt": 1.67
            }
        },
        {
            "fpid": 17575,
            "mflid": 13719,
            "name": "Eddy Pineiro",
            "position_id": "K",
            "team_id": "CAR",
            "filename": "eddy-pineiro.php",
            "stats": {
                "points": 5.92,
                "points_ppr": 5.92,
                "points_half": 5.92,
                "fga": 1.96,
                "fg": 1.43,
                "xpt": 1.64
            }
        },
        {
            "fpid": 23370,
            "mflid": 15369,
            "name": "Riley Patterson",
            "position_id": "K",
            "team_id": "FA",
            "filename": "riley-patterson.php",
            "stats": {
                "points": 0,
                "points_ppr": 0,
                "points_half": 0,
                "fga": 0,
                "fg": 0,
                "xpt": 0
            }
        },
        {
            "fpid": 11339,
            "mflid": 10862,
            "name": "Randy Bullock",
            "position_id": "K",
            "team_id": "FA",
            "filename": "randy-bullock.php",
            "stats": {
                "points": 0,
                "points_ppr": 0,
                "points_half": 0,
                "fga": 0,
                "fg": 0,
                "xpt": 0
            }
        },
        {
            "fpid": 9433,
            "mflid": 8742,
            "name": "Mason Crosby",
            "position_id": "K",
            "team_id": "FA",
            "filename": "mason-crosby.php",
            "stats": {
                "points": 0,
                "points_ppr": 0,
                "points_half": 0,
                "fga": 0,
                "fg": 0,
                "xpt": 0
            }
        },
        {
            "fpid": 9232,
            "mflid": 9694,
            "name": "Graham Gano",
            "position_id": "K",
            "team_id": "NYG",
            "filename": "graham-gano.php",
            "stats": {
                "points": 0,
                "points_ppr": 0,
                "points_half": 0,
                "fga": 0,
                "fg": 0,
                "xpt": 0
            }
        },
        {
            "fpid": 9534,
            "mflid": 8153,
            "name": "Robbie Gould",
            "position_id": "K",
            "team_id": "FA",
            "filename": "robbie-gould.php",
            "stats": {
                "points": 0,
                "points_ppr": 0,
                "points_half": 0,
                "fga": 0,
                "fg": 0,
                "xpt": 0
            }
        },
        {
            "fpid": 9549,
            "mflid": 9686,
            "name": "Ryan Succop",
            "position_id": "K",
            "team_id": "FA",
            "filename": "ryan-succop.php",
            "stats": {
                "points": 0,
                "points_ppr": 0,
                "points_half": 0,
                "fga": 0,
                "fg": 0,
                "xpt": 0
            }
        },
        {
            "fpid": 19469,
            "mflid": 14912,
            "name": "Rodrigo Blankenship",
            "position_id": "K",
            "team_id": "FA",
            "filename": "rodrigo-blankenship.php",
            "stats": {
                "points": 0,
                "points_ppr": 0,
                "points_half": 0,
                "fga": 0,
                "fg": 0,
                "xpt": 0
            }
        },
        {
            "fpid": 14327,
            "mflid": 12417,
            "name": "Josh Lambo",
            "position_id": "K",
            "team_id": "FA",
            "filename": "josh-lambo.php",
            "stats": {
                "points": 0,
                "points_ppr": 0,
                "points_half": 0,
                "fga": 0,
                "fg": 0,
                "xpt": 0
            }
        },
        {
            "fpid": 12378,
            "mflid": 13909,
            "name": "Brett Maher",
            "position_id": "K",
            "team_id": "FA",
            "filename": "brett-maher.php",
            "stats": {
                "points": 0,
                "points_ppr": 0,
                "points_half": 0,
                "fga": 0,
                "fg": 0,
                "xpt": 0
            }
        },
        {
            "fpid": 18779,
            "mflid": 14426,
            "name": "Matthew Wright",
            "position_id": "K",
            "team_id": "SF",
            "filename": "matthew-wright.php",
            "stats": {
                "points": 0,
                "points_ppr": 0,
                "points_half": 0,
                "fga": 0,
                "fg": 0,
                "xpt": 0
            }
        },
        {
            "fpid": 18670,
            "mflid": 14650,
            "name": "Tristan Vizcaino",
            "position_id": "K",
            "team_id": "FA",
            "filename": "tristan-vizcaino.php",
            "stats": {
                "points": 0,
                "points_ppr": 0,
                "points_half": 0,
                "fga": 0,
                "fg": 0,
                "xpt": 0
            }
        },
        {
            "fpid": 19766,
            "mflid": 15523,
            "name": "Matt Ammendola",
            "position_id": "K",
            "team_id": "FA",
            "filename": "matt-ammendola.php",
            "stats": {
                "points": 0,
                "points_ppr": 0,
                "points_half": 0,
                "fga": 0,
                "fg": 0,
                "xpt": 0
            }
        },
        {
            "fpid": 23460,
            "mflid": 15516,
            "name": "Quinn Nordin",
            "position_id": "K",
            "team_id": "FA",
            "filename": "quinn-nordin.php",
            "stats": {
                "points": 0,
                "points_ppr": 0,
                "points_half": 0,
                "fga": 0,
                "fg": 0,
                "xpt": 0
            }
        },
        {
            "fpid": 23462,
            "mflid": 15511,
            "name": "Chris Naggar",
            "position_id": "K",
            "team_id": "FA",
            "filename": "chris-naggar.php",
            "stats": {
                "points": 0,
                "points_ppr": 0,
                "points_half": 0,
                "fga": 0,
                "fg": 0,
                "xpt": 0
            }
        },
        {
            "fpid": 26940,
            "mflid": 16848,
            "name": "Jude McAtamney",
            "position_id": "K",
            "team_id": "NYG",
            "filename": "jude-mcatamney.php",
            "stats": {
                "points": 0,
                "points_ppr": 0,
                "points_half": 0,
                "fga": 0,
                "fg": 0,
                "xpt": 0
            }
        },
        {
            "fpid": 24549,
            "mflid": 15882,
            "name": "Cade York",
            "position_id": "K",
            "team_id": "FA",
            "filename": "cade-york.php",
            "stats": {
                "points": 0,
                "points_ppr": 0,
                "points_half": 0,
                "fga": 0,
                "fg": 0,
                "xpt": 0
            }
        },
        {
            "fpid": 26763,
            "mflid": 16896,
            "name": "Spencer Shrader",
            "position_id": "K",
            "team_id": "FA",
            "filename": "spencer-shrader.php",
            "stats": {
                "points": 0,
                "points_ppr": 0,
                "points_half": 0,
                "fga": 0,
                "fg": 0,
                "xpt": 0
            }
        },
        {
            "fpid": 25222,
            "mflid": 16043,
            "name": "Lucas Havrisik",
            "position_id": "K",
            "team_id": "BUF",
            "filename": "lucas-havrisik.php",
            "stats": {
                "points": 0,
                "points_ppr": 0,
                "points_half": 0,
                "fga": 0,
                "fg": 0,
                "xpt": 0
            }
        },
        {
            "fpid": 25616,
            "mflid": 16410,
            "name": "Tanner Brown",
            "position_id": "K",
            "team_id": "FA",
            "filename": "tanner-brown.php",
            "stats": {
                "points": 0,
                "points_ppr": 0,
                "points_half": 0,
                "fga": 0,
                "fg": 0,
                "xpt": 0
            }
        },
        {
            "fpid": 25618,
            "mflid": 16381,
            "name": "Christopher Dunn",
            "position_id": "K",
            "team_id": "FA",
            "filename": "christopher-dunn.php",
            "stats": {
                "points": 0,
                "points_ppr": 0,
                "points_half": 0,
                "fga": 0,
                "fg": 0,
                "xpt": 0
            }
        },
        {
            "fpid": 15907,
            "mflid": 13900,
            "name": "Taylor Bertolet",
            "position_id": "K",
            "team_id": "FA",
            "filename": "taylor-bertolet.php",
            "stats": {
                "points": 0,
                "points_ppr": 0,
                "points_half": 0,
                "fga": 0,
                "fg": 0,
                "xpt": 0
            }
        },
        {
            "fpid": 23373,
            "mflid": 15656,
            "name": "Alex Kessman",
            "position_id": "K",
            "team_id": "FA",
            "filename": "alex-kessman.php",
            "stats": {
                "points": 0,
                "points_ppr": 0,
                "points_half": 0,
                "fga": 0,
                "fg": 0,
                "xpt": 0
            }
        },
        {
            "fpid": 19407,
            "mflid": 15524,
            "name": "Dominik Eberle",
            "position_id": "K",
            "team_id": "FA",
            "filename": "dominik-eberle.php",
            "stats": {
                "points": 0,
                "points_ppr": 0,
                "points_half": 0,
                "fga": 0,
                "fg": 0,
                "xpt": 0
            }
        },
        {
            "fpid": 23983,
            "mflid": 16095,
            "name": "Nick Sciba",
            "position_id": "K",
            "team_id": "FA",
            "filename": "nick-sciba.php",
            "stats": {
                "points": 0,
                "points_ppr": 0,
                "points_half": 0,
                "fga": 0,
                "fg": 0,
                "xpt": 0
            }
        },
        {
            "fpid": 24867,
            "mflid": 15967,
            "name": "Jonathan Garibay",
            "position_id": "K",
            "team_id": "FA",
            "filename": "jonathan-garibay.php",
            "stats": {
                "points": 0,
                "points_ppr": 0,
                "points_half": 0,
                "fga": 0,
                "fg": 0,
                "xpt": 0
            }
        },
        {
            "fpid": 24620,
            "mflid": 16002,
            "name": "James McCourt",
            "position_id": "K",
            "team_id": "FA",
            "filename": "james-mccourt.php",
            "stats": {
                "points": 0,
                "points_ppr": 0,
                "points_half": 0,
                "fga": 0,
                "fg": 0,
                "xpt": 0
            }
        },
        {
            "fpid": 23510,
            "mflid": 15606,
            "name": "Brian Johnson",
            "position_id": "K",
            "team_id": "FA",
            "filename": "brian-johnson.php",
            "stats": {
                "points": 0,
                "points_ppr": 0,
                "points_half": 0,
                "fga": 0,
                "fg": 0,
                "xpt": 0
            }
        },
        {
            "fpid": 24588,
            "mflid": 16115,
            "name": "Caleb Shudak",
            "position_id": "K",
            "team_id": "FA",
            "filename": "caleb-shudak.php",
            "stats": {
                "points": 0,
                "points_ppr": 0,
                "points_half": 0,
                "fga": 0,
                "fg": 0,
                "xpt": 0
            }
        },
        {
            "fpid": 19777,
            "mflid": 15999,
            "name": "Ramiz Ahmed",
            "position_id": "K",
            "team_id": "FA",
            "filename": "ramiz-ahmed.php",
            "stats": {
                "points": 0,
                "points_ppr": 0,
                "points_half": 0,
                "fga": 0,
                "fg": 0,
                "xpt": 0
            }
        },
        {
            "fpid": 26581,
            "mflid": 16873,
            "name": "Brayden Narveson",
            "position_id": "K",
            "team_id": "FA",
            "filename": "brayden-narveson.php",
            "stats": {
                "points": 0,
                "points_ppr": 0,
                "points_half": 0,
                "fga": 0,
                "fg": 0,
                "xpt": 0
            }
        }
    ]
}