{
    "season": "2024",
    "week": "8",
    "count": "32",
    "positions": "DST",
    "scoring": "STD",
    "players": [
        {
            "fpid": 8020,
            "mflid": 531,
            "name": "Baltimore Ravens",
            "position_id": "DST",
            "team_id": "BAL",
            "filename": "baltimore-defense.php",
            "stats": {
                "points": 7.84,
                "points_ppr": 7.84,
                "points_half": 7.84,
                "def_sack": 2.83,
                "def_int": 1.03,
                "def_td": 0.17,
                "def_pa": 18.73,
                "def_tyda": 347.89,
                "def_safety": 0,
                "def_ff": 0.66,
                "def_fr": 0.47,
                "def_retd": 0
            }
        },
        {
            "fpid": 8150,
            "mflid": 512,
            "name": "Kansas City Chiefs",
            "position_id": "DST",
            "team_id": "KC",
            "filename": "kansas-city-defense.php",
            "stats": {
                "points": 7.8,
                "points_ppr": 7.8,
                "points_half": 7.8,
                "def_sack": 2.92,
                "def_int": 0.87,
                "def_td": 0.18,
                "def_pa": 16.5,
                "def_tyda": 283.67,
                "def_safety": 0,
                "def_ff": 0.7,
                "def_fr": 0.53,
                "def_retd": 0
            }
        },
        {
            "fpid": 8240,
            "mflid": 510,
            "name": "Pittsburgh Steelers",
            "position_id": "DST",
            "team_id": "PIT",
            "filename": "pittsburgh-defense.php",
            "stats": {
                "points": 7.61,
                "points_ppr": 7.61,
                "points_half": 7.61,
                "def_sack": 3.01,
                "def_int": 0.73,
                "def_td": 0.18,
                "def_pa": 14.85,
                "def_tyda": 302.62,
                "def_safety": 0,
                "def_ff": 0.82,
                "def_fr": 0.54,
                "def_retd": 0
            }
        },
        {
            "fpid": 8250,
            "mflid": 514,
            "name": "Los Angeles Chargers",
            "position_id": "DST",
            "team_id": "LAC",
            "filename": "los-angeles-chargers-defense.php",
            "stats": {
                "points": 7.41,
                "points_ppr": 7.41,
                "points_half": 7.41,
                "def_sack": 2.67,
                "def_int": 0.86,
                "def_td": 0.16,
                "def_pa": 15.49,
                "def_tyda": 316.01,
                "def_safety": 0,
                "def_ff": 0.82,
                "def_fr": 0.54,
                "def_retd": 0
            }
        },
        {
            "fpid": 8210,
            "mflid": 505,
            "name": "New York Jets",
            "position_id": "DST",
            "team_id": "NYJ",
            "filename": "new-york-jets-defense.php",
            "stats": {
                "points": 7.4,
                "points_ppr": 7.4,
                "points_half": 7.4,
                "def_sack": 2.63,
                "def_int": 0.81,
                "def_td": 0.17,
                "def_pa": 17.61,
                "def_tyda": 317,
                "def_safety": 0,
                "def_ff": 0.71,
                "def_fr": 0.56,
                "def_retd": 0
            }
        },
        {
            "fpid": 8090,
            "mflid": 511,
            "name": "Denver Broncos",
            "position_id": "DST",
            "team_id": "DEN",
            "filename": "denver-defense.php",
            "stats": {
                "points": 7.15,
                "points_ppr": 7.15,
                "points_half": 7.15,
                "def_sack": 2.28,
                "def_int": 0.9,
                "def_td": 0.17,
                "def_pa": 14.65,
                "def_tyda": 300.93,
                "def_safety": 0,
                "def_ff": 0.82,
                "def_fr": 0.53,
                "def_retd": 0
            }
        },
        {
            "fpid": 8100,
            "mflid": 522,
            "name": "Detroit Lions",
            "position_id": "DST",
            "team_id": "DET",
            "filename": "detroit-defense.php",
            "stats": {
                "points": 6.76,
                "points_ppr": 6.76,
                "points_half": 6.76,
                "def_sack": 2.31,
                "def_int": 0.8,
                "def_td": 0.16,
                "def_pa": 17.06,
                "def_tyda": 329.35,
                "def_safety": 0,
                "def_ff": 0.67,
                "def_fr": 0.46,
                "def_retd": 0
            }
        },
        {
            "fpid": 8280,
            "mflid": 528,
            "name": "Los Angeles Rams",
            "position_id": "DST",
            "team_id": "LAR",
            "filename": "los-angeles-rams-defense.php",
            "stats": {
                "points": 6.52,
                "points_ppr": 6.52,
                "points_half": 6.52,
                "def_sack": 3.11,
                "def_int": 0.83,
                "def_td": 0.13,
                "def_pa": 22.86,
                "def_tyda": 347.76,
                "def_safety": 0,
                "def_ff": 0.74,
                "def_fr": 0.5,
                "def_retd": 0
            }
        },
        {
            "fpid": 8310,
            "mflid": 520,
            "name": "Washington Commanders",
            "position_id": "DST",
            "team_id": "WAS",
            "filename": "washington-defense.php",
            "stats": {
                "points": 6.45,
                "points_ppr": 6.45,
                "points_half": 6.45,
                "def_sack": 3,
                "def_int": 0.8,
                "def_td": 0.14,
                "def_pa": 22.32,
                "def_tyda": 349.48,
                "def_safety": 0,
                "def_ff": 0.73,
                "def_fr": 0.51,
                "def_retd": 0
            }
        },
        {
            "fpid": 8030,
            "mflid": 501,
            "name": "Buffalo Bills",
            "position_id": "DST",
            "team_id": "BUF",
            "filename": "buffalo-defense.php",
            "stats": {
                "points": 6.34,
                "points_ppr": 6.34,
                "points_half": 6.34,
                "def_sack": 2.8,
                "def_int": 0.87,
                "def_td": 0.14,
                "def_pa": 22.33,
                "def_tyda": 354.95,
                "def_safety": 0,
                "def_ff": 0.88,
                "def_fr": 0.49,
                "def_retd": 0
            }
        },
        {
            "fpid": 8270,
            "mflid": 530,
            "name": "San Francisco 49ers",
            "position_id": "DST",
            "team_id": "SF",
            "filename": "san-francisco-defense.php",
            "stats": {
                "points": 6.33,
                "points_ppr": 6.33,
                "points_half": 6.33,
                "def_sack": 2.74,
                "def_int": 0.82,
                "def_td": 0.16,
                "def_pa": 20.49,
                "def_tyda": 347.55,
                "def_safety": 0,
                "def_ff": 0.8,
                "def_fr": 0.5,
                "def_retd": 0
            }
        },
        {
            "fpid": 8010,
            "mflid": 526,
            "name": "Atlanta Falcons",
            "position_id": "DST",
            "team_id": "ATL",
            "filename": "atlanta-defense.php",
            "stats": {
                "points": 6.23,
                "points_ppr": 6.23,
                "points_half": 6.23,
                "def_sack": 2.66,
                "def_int": 0.83,
                "def_td": 0.14,
                "def_pa": 23.97,
                "def_tyda": 343.89,
                "def_safety": 0,
                "def_ff": 0.84,
                "def_fr": 0.53,
                "def_retd": 0
            }
        },
        {
            "fpid": 8170,
            "mflid": 524,
            "name": "Minnesota Vikings",
            "position_id": "DST",
            "team_id": "MIN",
            "filename": "minnesota-defense.php",
            "stats": {
                "points": 6.14,
                "points_ppr": 6.14,
                "points_half": 6.14,
                "def_sack": 2.79,
                "def_int": 0.78,
                "def_td": 0.14,
                "def_pa": 21.37,
                "def_tyda": 335.62,
                "def_safety": 0,
                "def_ff": 0.78,
                "def_fr": 0.48,
                "def_retd": 0
            }
        },
        {
            "fpid": 8230,
            "mflid": 518,
            "name": "Philadelphia Eagles",
            "position_id": "DST",
            "team_id": "PHI",
            "filename": "philadelphia-defense.php",
            "stats": {
                "points": 5.93,
                "points_ppr": 5.93,
                "points_half": 5.93,
                "def_sack": 2.96,
                "def_int": 0.67,
                "def_td": 0.13,
                "def_pa": 24.19,
                "def_tyda": 345.2,
                "def_safety": 0,
                "def_ff": 0.61,
                "def_fr": 0.41,
                "def_retd": 0
            }
        },
        {
            "fpid": 8050,
            "mflid": 521,
            "name": "Chicago Bears",
            "position_id": "DST",
            "team_id": "CHI",
            "filename": "chicago-defense.php",
            "stats": {
                "points": 5.85,
                "points_ppr": 5.85,
                "points_half": 5.85,
                "def_sack": 2.45,
                "def_int": 0.7,
                "def_td": 0.15,
                "def_pa": 22.9,
                "def_tyda": 348.36,
                "def_safety": 0,
                "def_ff": 0.86,
                "def_fr": 0.56,
                "def_retd": 0
            }
        },
        {
            "fpid": 8060,
            "mflid": 506,
            "name": "Cincinnati Bengals",
            "position_id": "DST",
            "team_id": "CIN",
            "filename": "cincinnati-defense.php",
            "stats": {
                "points": 5.85,
                "points_ppr": 5.85,
                "points_half": 5.85,
                "def_sack": 2.66,
                "def_int": 0.67,
                "def_td": 0.14,
                "def_pa": 22.99,
                "def_tyda": 330.47,
                "def_safety": 0,
                "def_ff": 0.75,
                "def_fr": 0.51,
                "def_retd": 0
            }
        },
        {
            "fpid": 8110,
            "mflid": 523,
            "name": "Green Bay Packers",
            "position_id": "DST",
            "team_id": "GB",
            "filename": "green-bay-defense.php",
            "stats": {
                "points": 5.84,
                "points_ppr": 5.84,
                "points_half": 5.84,
                "def_sack": 2.41,
                "def_int": 0.74,
                "def_td": 0.14,
                "def_pa": 21.87,
                "def_tyda": 336.77,
                "def_safety": 0,
                "def_ff": 0.76,
                "def_fr": 0.54,
                "def_retd": 0
            }
        },
        {
            "fpid": 8290,
            "mflid": 525,
            "name": "Tampa Bay Buccaneers",
            "position_id": "DST",
            "team_id": "TB",
            "filename": "tampa-bay-defense.php",
            "stats": {
                "points": 5.75,
                "points_ppr": 5.75,
                "points_half": 5.75,
                "def_sack": 2.35,
                "def_int": 0.74,
                "def_td": 0.13,
                "def_pa": 23.18,
                "def_tyda": 377.56,
                "def_safety": 0,
                "def_ff": 0.99,
                "def_fr": 0.58,
                "def_retd": 0
            }
        },
        {
            "fpid": 8120,
            "mflid": 532,
            "name": "Houston Texans",
            "position_id": "DST",
            "team_id": "HOU",
            "filename": "houston-defense.php",
            "stats": {
                "points": 5.69,
                "points_ppr": 5.69,
                "points_half": 5.69,
                "def_sack": 2.1,
                "def_int": 0.81,
                "def_td": 0.15,
                "def_pa": 20.5,
                "def_tyda": 330.65,
                "def_safety": 0,
                "def_ff": 0.71,
                "def_fr": 0.55,
                "def_retd": 0
            }
        },
        {
            "fpid": 8130,
            "mflid": 502,
            "name": "Indianapolis Colts",
            "position_id": "DST",
            "team_id": "IND",
            "filename": "indianapolis-defense.php",
            "stats": {
                "points": 5.55,
                "points_ppr": 5.55,
                "points_half": 5.55,
                "def_sack": 2.66,
                "def_int": 0.62,
                "def_td": 0.12,
                "def_pa": 24.6,
                "def_tyda": 365.77,
                "def_safety": 0,
                "def_ff": 0.9,
                "def_fr": 0.46,
                "def_retd": 0
            }
        },
        {
            "fpid": 8200,
            "mflid": 517,
            "name": "New York Giants",
            "position_id": "DST",
            "team_id": "NYG",
            "filename": "new-york-giants-defense.php",
            "stats": {
                "points": 5.51,
                "points_ppr": 5.51,
                "points_half": 5.51,
                "def_sack": 2.41,
                "def_int": 0.56,
                "def_td": 0.15,
                "def_pa": 23.15,
                "def_tyda": 344.04,
                "def_safety": 0,
                "def_ff": 0.95,
                "def_fr": 0.55,
                "def_retd": 0
            }
        },
        {
            "fpid": 8000,
            "mflid": 519,
            "name": "Arizona Cardinals",
            "position_id": "DST",
            "team_id": "ARI",
            "filename": "arizona-defense.php",
            "stats": {
                "points": 5.47,
                "points_ppr": 5.47,
                "points_half": 5.47,
                "def_sack": 2.13,
                "def_int": 0.81,
                "def_td": 0.13,
                "def_pa": 25.24,
                "def_tyda": 392.74,
                "def_safety": 0,
                "def_ff": 0.62,
                "def_fr": 0.46,
                "def_retd": 0
            }
        },
        {
            "fpid": 8140,
            "mflid": 509,
            "name": "Jacksonville Jaguars",
            "position_id": "DST",
            "team_id": "JAC",
            "filename": "jacksonville-defense.php",
            "stats": {
                "points": 5.27,
                "points_ppr": 5.27,
                "points_half": 5.27,
                "def_sack": 1.77,
                "def_int": 0.86,
                "def_td": 0.13,
                "def_pa": 25.05,
                "def_tyda": 386.83,
                "def_safety": 0,
                "def_ff": 0.63,
                "def_fr": 0.49,
                "def_retd": 0
            }
        },
        {
            "fpid": 8180,
            "mflid": 504,
            "name": "New England Patriots",
            "position_id": "DST",
            "team_id": "NE",
            "filename": "new-england-defense.php",
            "stats": {
                "points": 5.22,
                "points_ppr": 5.22,
                "points_half": 5.22,
                "def_sack": 2.2,
                "def_int": 0.67,
                "def_td": 0.13,
                "def_pa": 23.2,
                "def_tyda": 342.65,
                "def_safety": 0,
                "def_ff": 0.68,
                "def_fr": 0.45,
                "def_retd": 0
            }
        },
        {
            "fpid": 8080,
            "mflid": 516,
            "name": "Dallas Cowboys",
            "position_id": "DST",
            "team_id": "DAL",
            "filename": "dallas-defense.php",
            "stats": {
                "points": 5.21,
                "points_ppr": 5.21,
                "points_half": 5.21,
                "def_sack": 1.98,
                "def_int": 0.74,
                "def_td": 0.14,
                "def_pa": 25.62,
                "def_tyda": 396.69,
                "def_safety": 0,
                "def_ff": 0.72,
                "def_fr": 0.45,
                "def_retd": 0
            }
        },
        {
            "fpid": 8190,
            "mflid": 529,
            "name": "New Orleans Saints",
            "position_id": "DST",
            "team_id": "NO",
            "filename": "new-orleans-defense.php",
            "stats": {
                "points": 5.2,
                "points_ppr": 5.2,
                "points_half": 5.2,
                "def_sack": 2.28,
                "def_int": 0.59,
                "def_td": 0.13,
                "def_pa": 23.51,
                "def_tyda": 353.29,
                "def_safety": 0,
                "def_ff": 0.75,
                "def_fr": 0.48,
                "def_retd": 0
            }
        },
        {
            "fpid": 8260,
            "mflid": 515,
            "name": "Seattle Seahawks",
            "position_id": "DST",
            "team_id": "SEA",
            "filename": "seattle-defense.php",
            "stats": {
                "points": 5.15,
                "points_ppr": 5.15,
                "points_half": 5.15,
                "def_sack": 2.07,
                "def_int": 0.63,
                "def_td": 0.13,
                "def_pa": 25.48,
                "def_tyda": 382.25,
                "def_safety": 0,
                "def_ff": 0.93,
                "def_fr": 0.51,
                "def_retd": 0
            }
        },
        {
            "fpid": 8160,
            "mflid": 503,
            "name": "Miami Dolphins",
            "position_id": "DST",
            "team_id": "MIA",
            "filename": "miami-defense.php",
            "stats": {
                "points": 5.13,
                "points_ppr": 5.13,
                "points_half": 5.13,
                "def_sack": 1.93,
                "def_int": 0.64,
                "def_td": 0.14,
                "def_pa": 21.09,
                "def_tyda": 331.13,
                "def_safety": 0,
                "def_ff": 0.74,
                "def_fr": 0.54,
                "def_retd": 0
            }
        },
        {
            "fpid": 8300,
            "mflid": 508,
            "name": "Tennessee Titans",
            "position_id": "DST",
            "team_id": "TEN",
            "filename": "tennessee-defense.php",
            "stats": {
                "points": 5.04,
                "points_ppr": 5.04,
                "points_half": 5.04,
                "def_sack": 2.22,
                "def_int": 0.59,
                "def_td": 0.12,
                "def_pa": 27.64,
                "def_tyda": 338.54,
                "def_safety": 0,
                "def_ff": 0.65,
                "def_fr": 0.46,
                "def_retd": 0
            }
        },
        {
            "fpid": 8220,
            "mflid": 513,
            "name": "Las Vegas Raiders",
            "position_id": "DST",
            "team_id": "LV",
            "filename": "las-vegas-defense.php",
            "stats": {
                "points": 4.99,
                "points_ppr": 4.99,
                "points_half": 4.99,
                "def_sack": 2.09,
                "def_int": 0.72,
                "def_td": 0.12,
                "def_pa": 24.65,
                "def_tyda": 343.64,
                "def_safety": 0,
                "def_ff": 0.5,
                "def_fr": 0.37,
                "def_retd": 0
            }
        },
        {
            "fpid": 8070,
            "mflid": 507,
            "name": "Cleveland Browns",
            "position_id": "DST",
            "team_id": "CLE",
            "filename": "cleveland-defense.php",
            "stats": {
                "points": 4.81,
                "points_ppr": 4.81,
                "points_half": 4.81,
                "def_sack": 1.85,
                "def_int": 0.58,
                "def_td": 0.14,
                "def_pa": 25.93,
                "def_tyda": 377.05,
                "def_safety": 0,
                "def_ff": 0.79,
                "def_fr": 0.48,
                "def_retd": 0
            }
        },
        {
            "fpid": 8040,
            "mflid": 527,
            "name": "Carolina Panthers",
            "position_id": "DST",
            "team_id": "CAR",
            "filename": "carolina-defense.php",
            "stats": {
                "points": 4.72,
                "points_ppr": 4.72,
                "points_half": 4.72,
                "def_sack": 1.47,
                "def_int": 0.71,
                "def_td": 0.13,
                "def_pa": 23.72,
                "def_tyda": 341.7,
                "def_safety": 0,
                "def_ff": 0.6,
                "def_fr": 0.52,
                "def_retd": 0
            }
        }
    ]
}